1,??w...|??w.w.|??w.1.|??wA..|??wwww|??????|,1,left,??w...|??w.w.|??w.1.|??wA..|??wwww|??????|,1,12.0,12.0,0.3125
2,??w...|??w.w.|??w.1.|??wA..|??wwww|??????|,1,nil,??w...|??w.w.|??w.1B|??wA..|??wwww|??????|,2,206.0,2.0,0.3125
3,??w...|??w.w.|??w.1B|??wA..|??wwww|??????|,2,right,?w...0|?w.w.w|?w.1.B|?w.A..|?wwwww|??????|,3,2.0,2.0,0.7045970869120796
4,?w...0|?w.w.w|?w.1.B|?w.A..|?wwwww|??????|,3,down,?w...0|?w.w.w|?w.1B.|?w.A..|?wwwww|??????|,4,20.0,1.0,0.625
5,?w...0|?w.w.w|?w.1B.|?w.A..|?wwwww|??????|,4,up,?w...0|?w.w.w|?w.1B.|?w.A..|?wwwww|??????|,4,1.0,1.0,0.625
6,?w...0|?w.w.w|?w.1B.|?w.A..|?wwwww|??????|,4,left,??w...|??w.w.|??w1B.|??wA..|??wwww|??????|,5,1.0,1.0,0.1865
7,??w...|??w.w.|??w1B.|??wA..|??wwww|??????|,5,down,??w...|??w.w.|??w1B.|??wA..|??wwww|??????|,5,1.0,1.0,0.3125
8,??w...|??w.w.|??w1B.|??wA..|??wwww|??????|,5,nil,??w...|??w.w.|??w1B.|??wA..|??wwww|??????|,5,1.0,1.0,0.3125
9,??w...|??w.w.|??w1B.|??wA..|??wwww|??????|,5,up,??wwww|??w...|??w1w.|??wAB.|??w...|??wwww|,6,1.0,1.0,0.4275
10,??wwww|??w...|??w1w.|??wAB.|??w...|??wwww|,6,down,??w...|??w1w.|??w...|??wAB.|??wwww|??????|,7,1.0,1.0,0.4365
11,??w...|??w1w.|??w...|??wAB.|??wwww|??????|,7,left,??w...|??w1w.|??w...|??wAB.|??wwww|??????|,7,1.0,1.0,0.3125
12,??w...|??w1w.|??w...|??wAB.|??wwww|??????|,7,right,?w...0|?w1w.w|?w....|?w.AB.|?wwwww|??????|,8,1.0,1.0,0.7022642353760523
13,?w...0|?w1w.w|?w....|?w.AB.|?wwwww|??????|,8,right,w...0w|w1w.ww|w....w|w..ABw|wwwwww|??????|,9,1.0,1.0,0.7022642353760523
14,w...0w|w1w.ww|w....w|w..ABw|wwwwww|??????|,9,up,wwwwww|w...0w|w1w.ww|w..A.w|w..B.w|wwwwww|,10,1.0,1.0,0.7022642353760523
15,wwwwww|w...0w|w1w.ww|w..A.w|w..B.w|wwwwww|,10,down,w...0w|w1w.ww|w....w|w.BA.w|wwwwww|??????|,11,1.0,1.0,0.7022642353760523
16,w...0w|w1w.ww|w....w|w.BA.w|wwwwww|??????|,11,right,...0w?|1w.ww?|....w?|.B.Aw?|wwwww?|??????|,12,1.0,1.0,0.7022642353760523
17,...0w?|1w.ww?|....w?|.B.Aw?|wwwww?|??????|,12,down,...0w?|1w.ww?|....w?|B..Aw?|wwwww?|??????|,13,1.0,1.0,0.625
18,...0w?|1w.ww?|....w?|B..Aw?|wwwww?|??????|,13,up,wwwww?|...0w?|1w.ww?|B..Aw?|....w?|wwwww?|,14,1.0,1.0,0.7022642353760523
19,wwwww?|...0w?|1w.ww?|B..Aw?|....w?|wwwww?|,14,down,...0w?|1w.ww?|....w?|B..Aw?|wwwww?|??????|,13,1.0,1.0,0.7022642353760523
20,...0w?|1w.ww?|....w?|B..Aw?|wwwww?|??????|,13,down,...0w?|1w.ww?|....w?|B..Aw?|wwwww?|??????|,13,1.0,1.0,0.625
21,...0w?|1w.ww?|....w?|B..Aw?|wwwww?|??????|,13,left,w...0w|w1w.ww|wB...w|w..A.w|wwwwww|??????|,15,1.0,1.0,0.7022642353760523
22,w...0w|w1w.ww|wB...w|w..A.w|wwwwww|??????|,15,down,w...0w|w1w.ww|wB...w|w..A.w|wwwwww|??????|,15,1.0,1.0,0.625
23,w...0w|w1w.ww|wB...w|w..A.w|wwwwww|??????|,15,nil,w...0w|w1w.ww|wB...w|w..A.w|wwwwww|??????|,15,1.0,1.0,0.625
24,w...0w|w1w.ww|wB...w|w..A.w|wwwwww|??????|,15,left,?w...0|?w1w.w|?wB...|?w.A..|?wwwww|??????|,16,1.0,1.0,0.7022642353760523
25,?w...0|?w1w.w|?wB...|?w.A..|?wwwww|??????|,16,left,?w...0|?w1w.w|?w....|?wBA..|?wwwww|??????|,17,1.0,1.0,0.625
26,?w...0|?w1w.w|?w....|?wBA..|?wwwww|??????|,17,nil,?w...0|?w1w.w|?w....|?wBA..|?wwwww|??????|,17,1.0,1.0,0.625
27,?w...0|?w1w.w|?w....|?wBA..|?wwwww|??????|,17,up,?wwwww|?w...0|?w1w.w|?wBA..|?w....|?wwwww|,18,1.0,1.0,0.7022642353760523
28,?wwwww|?w...0|?w1w.w|?wBA..|?w....|?wwwww|,18,right,wwwwww|w...0w|w1w.ww|w.BA.w|w....w|wwwwww|,19,1.0,1.0,0.7022642353760523
29,wwwwww|w...0w|w1w.ww|w.BA.w|w....w|wwwwww|,19,down,w...0w|w1w.ww|w.B..w|w..A.w|wwwwww|??????|,20,2.0,2.0,0.7022642353760523
30,w...0w|w1w.ww|w.B..w|w..A.w|wwwwww|??????|,20,up,wwwwww|w...0w|w1w.ww|w.BA.w|w....w|wwwwww|,19,1.0,1.0,0.7022642353760523
31,wwwwww|w...0w|w1w.ww|w.BA.w|w....w|wwwwww|,19,up,??????|wwwwww|w...0w|w1wAww|wB...w|w....w|,21,1.0,1.0,0.7022642353760523
32,??????|wwwwww|w...0w|w1wAww|wB...w|w....w|,21,down,wwwwww|w...0w|w1w.ww|w.BA.w|w....w|wwwwww|,19,1.0,1.0,0.7022642353760523
33,w...0w|w1w.ww|w.B..w|w..A.w|wwwwww|??????|,20,right,...0w?|1w.ww?|.B..w?|...Aw?|wwwww?|??????|,22,1.0,1.0,0.7022642353760523
34,...0w?|1w.ww?|.B..w?|...Aw?|wwwww?|??????|,22,up,wwwww?|...0w?|1w.ww?|.B.Aw?|....w?|wwwww?|,23,1.0,1.0,0.7022642353760523
35,wwwww?|...0w?|1w.ww?|.B.Aw?|....w?|wwwww?|,23,up,wwwww?|...0w?|1w.ww?|..BAw?|....w?|wwwww?|,24,1.0,1.0,0.625
36,wwwww?|...0w?|1w.ww?|..BAw?|....w?|wwwww?|,24,right,wwwww?|...0w?|1w.ww?|...Aw?|..B.w?|wwwww?|,25,1.0,1.0,0.625
37,wwwww?|...0w?|1w.ww?|...Aw?|..B.w?|wwwww?|,25,right,wwwww?|...0w?|1w.ww?|...Aw?|.B..w?|wwwww?|,26,1.0,1.0,0.625
38,wwwww?|...0w?|1w.ww?|...Aw?|.B..w?|wwwww?|,26,up,wwwww?|...0w?|1w.ww?|.B.Aw?|....w?|wwwww?|,23,2.0,1.0,0.625
39,wwwww?|...0w?|1w.ww?|.B.Aw?|....w?|wwwww?|,23,right,wwwww?|...0w?|1w.ww?|...Aw?|.B..w?|wwwww?|,26,1.0,1.0,0.625
40,wwwww?|...0w?|1w.ww?|...Aw?|.B..w?|wwwww?|,26,up,wwwww?|...0w?|1w.ww?|...Aw?|B...w?|wwwww?|,27,2.0,1.0,0.625
41,wwwww?|...0w?|1w.ww?|...Aw?|B...w?|wwwww?|,27,left,wwwwww|w...0w|w1w.ww|w..A.w|wB...w|wwwwww|,28,1.0,1.0,0.7022642353760523
42,wwwwww|w...0w|w1w.ww|w..A.w|wB...w|wwwwww|,28,left,?wwwww|?w...0|?w1w.w|?w.A..|?w.B..|?wwwww|,29,2.0,1.0,0.7022642353760523
43,?wwwww|?w...0|?w1w.w|?w.A..|?w.B..|?wwwww|,29,right,wwwwww|w...0w|w1w.ww|w..A.w|w.B..w|wwwwww|,30,2.0,2.0,0.7022642353760523
44,wwwwww|w...0w|w1w.ww|w..A.w|w.B..w|wwwwww|,30,left,?wwwww|?w...0|?w1w.w|?w.A..|?w.B..|?wwwww|,29,1.0,1.0,0.7022642353760523
45,?wwwww|?w...0|?w1w.w|?w.A..|?w.B..|?wwwww|,29,up,?wwwww|?w...0|?w1w.w|?w.A..|?w.B..|?wwwww|,29,2.0,2.0,0.625
46,wwwwww|w...0w|w1w.ww|w..A.w|w.B..w|wwwwww|,30,nil,wwwwww|w...0w|w1w.ww|w..A.w|wB...w|wwwwww|,28,1.0,1.0,0.625
47,wwwwww|w...0w|w1w.ww|w..A.w|wB...w|wwwwww|,28,left,?wwwww|?w...0|?w1w.w|?wBA..|?w....|?wwwww|,18,2.0,1.0,0.7022642353760523
48,?wwwww|?w...0|?w1w.w|?wBA..|?w....|?wwwww|,18,nil,?wwwww|?w...0|?w1w.w|?wBA..|?w....|?wwwww|,18,1.0,1.0,0.625
49,?wwwww|?w...0|?w1w.w|?wBA..|?w....|?wwwww|,18,up,?wwwww|?w1..0|?wBw.w|?w.A..|?w....|?wwwww|,31,1.0,1.0,0.625
50,?wwwww|?w1..0|?wBw.w|?w.A..|?w....|?wwwww|,31,down,?w1..0|?wBw.w|?w....|?w.A..|?wwwww|??????|,32,2.0,1.0,0.7033333333333334
51,?w1..0|?wBw.w|?w....|?w.A..|?wwwww|??????|,32,nil,?w1..0|?wBw.w|?w....|?w.A..|?wwwww|??????|,32,1.0,1.0,0.625
52,?w1..0|?wBw.w|?w....|?w.A..|?wwwww|??????|,32,up,?wwwww|?w1..0|?w.w.w|?wBA..|?w....|?wwwww|,33,1.0,1.0,0.7033333333333334
53,?wwwww|?w1..0|?w.w.w|?wBA..|?w....|?wwwww|,33,nil,?wwwww|?w1..0|?wBw.w|?w.A..|?w....|?wwwww|,31,1.0,1.0,0.625
54,?wwwww|?w1..0|?wBw.w|?w.A..|?w....|?wwwww|,31,down,?wwwww|?w1..0|?wBw.w|?w.A..|?w....|?wwwww|,31,2.0,1.0,0.625
55,?wwwww|?w1..0|?wBw.w|?w.A..|?w....|?wwwww|,31,up,?wwwww|?w1..0|?wBw.w|?w.A..|?w....|?wwwww|,31,1.0,1.0,0.625
56,??w...|??w.w.|??w.1.|??wA..|??wwww|??????|,1,nil,??w...|??w.w.|??w.1.|??wA..|??wwww|??????|,1,206.0,204.0,0.3125
57,?w...0|?w.w.w|?w.1.B|?w.A..|?wwwww|??????|,3,right,w...0w|w.w.ww|w.1..w|w..ABw|wwwwww|??????|,34,22.0,1.0,0.7045970869120796
58,w...0w|w.w.ww|w.1..w|w..ABw|wwwwww|??????|,34,left,?w...0|?w.w.w|?w.1..|?w.A.B|?wwwww|??????|,35,1.0,1.0,0.7045970869120796
59,?w...0|?w.w.w|?w.1..|?w.A.B|?wwwww|??????|,35,right,w...0w|w.w.ww|w.1.Bw|w..A.w|wwwwww|??????|,36,1.0,1.0,0.7045970869120796
60,w...0w|w.w.ww|w.1.Bw|w..A.w|wwwwww|??????|,36,right,...0w?|.w.ww?|.1.Bw?|...Aw?|wwwww?|??????|,37,9.0,9.0,0.7045970869120796
61,...0w?|.w.ww?|.1.Bw?|...Aw?|wwwww?|??????|,37,up,wwwww?|...0w?|.w.ww?|.1.Aw?|...Bw?|wwwww?|,38,7.0,1.0,0.7045970869120796
62,wwwww?|...0w?|.w.ww?|.1.Aw?|...Bw?|wwwww?|,38,down,...0w?|.w.ww?|.1.Bw?|...Aw?|wwwww?|??????|,37,1.0,1.0,0.7045970869120796
63,...0w?|.w.ww?|.1.Bw?|...Aw?|wwwww?|??????|,37,nil,...0w?|.w.ww?|.1.Bw?|...Aw?|wwwww?|??????|,37,7.0,6.0,0.625
64,...0w?|.w.ww?|.1.Bw?|...Aw?|wwwww?|??????|,37,right,...0w?|.w.ww?|.1B.w?|...Aw?|wwwww?|??????|,39,9.0,1.0,0.625
65,...0w?|.w.ww?|.1B.w?|...Aw?|wwwww?|??????|,39,up,...0w?|.w.ww?|.1.Bw?|...Aw?|wwwww?|??????|,37,2.0,1.0,0.625
66,...0w?|.w.ww?|.1.Bw?|...Aw?|wwwww?|??????|,37,nil,...0w?|.w.ww?|.1B.w?|...Aw?|wwwww?|??????|,39,7.0,1.0,0.625
67,...0w?|.w.ww?|.1B.w?|...Aw?|wwwww?|??????|,39,up,wwwww?|...0w?|.wBww?|.1.Aw?|....w?|wwwww?|,40,2.0,1.0,0.7045970869120796
68,wwwww?|...0w?|.wBww?|.1.Aw?|....w?|wwwww?|,40,right,wwwww?|...0w?|.w.ww?|.1BAw?|....w?|wwwww?|,41,1.0,1.0,0.625
69,wwwww?|...0w?|.w.ww?|.1BAw?|....w?|wwwww?|,41,down,...0w?|.w.ww?|1B..w?|...Aw?|wwwww?|??????|,42,1.0,1.0,0.5625
70,...0w?|.w.ww?|1B..w?|...Aw?|wwwww?|??????|,42,right,...0w?|.w.ww?|1B..w?|...Aw?|wwwww?|??????|,42,1.0,1.0,0.625
71,...0w?|.w.ww?|1B..w?|...Aw?|wwwww?|??????|,42,down,...0w?|.w.ww?|1B..w?|...Aw?|wwwww?|??????|,42,2.0,1.0,0.625
72,...0w?|.w.ww?|1B..w?|...Aw?|wwwww?|??????|,42,down,...0w?|.w.ww?|1.B.w?|...Aw?|wwwww?|??????|,43,2.0,1.0,0.625
73,...0w?|.w.ww?|1.B.w?|...Aw?|wwwww?|??????|,43,up,wwwww?|...0w?|.w.ww?|1.BAw?|....w?|wwwww?|,44,1.0,1.0,0.6998343811320384
74,wwwww?|...0w?|.w.ww?|1.BAw?|....w?|wwwww?|,44,left,wwwww?|...0w?|.w.ww?|1.BAw?|....w?|wwwww?|,44,1.0,1.0,0.625
75,wwwww?|...0w?|.w.ww?|1.BAw?|....w?|wwwww?|,44,nil,wwwww?|...0w?|.w.ww?|1.BAw?|....w?|wwwww?|,44,1.0,1.0,0.625
76,wwwww?|...0w?|.w.ww?|1.BAw?|....w?|wwwww?|,44,right,wwwww?|...0w?|.w.ww?|1.BAw?|....w?|wwwww?|,44,1.0,1.0,0.625
77,wwwww?|...0w?|.w.ww?|1.BAw?|....w?|wwwww?|,44,down,...0w?|.w.ww?|1.B.w?|...Aw?|wwwww?|??????|,43,1.0,1.0,0.6998343811320384
78,...0w?|.w.ww?|1.B.w?|...Aw?|wwwww?|??????|,43,down,...0w?|.w.ww?|1..Bw?|...Aw?|wwwww?|??????|,45,1.0,1.0,0.625
79,...0w?|.w.ww?|1..Bw?|...Aw?|wwwww?|??????|,45,up,...0w?|.w.ww?|1..Bw?|...Aw?|wwwww?|??????|,45,6.0,6.0,0.625
80,...0w?|.w.ww?|1..Bw?|...Aw?|wwwww?|??????|,45,right,...0w?|.w.ww?|1..Bw?|...Aw?|wwwww?|??????|,45,4.0,4.0,0.625
81,...0w?|.w.ww?|1..Bw?|...Aw?|wwwww?|??????|,45,nil,...0w?|.w.ww?|1..Bw?|...Aw?|wwwww?|??????|,45,9.0,9.0,0.625
82,...0w?|.w.ww?|1..Bw?|...Aw?|wwwww?|??????|,45,left,w...0w|w.w.ww|w1.B.w|w..A.w|wwwwww|??????|,46,5.0,1.0,0.6998343811320384
83,w...0w|w.w.ww|w1.B.w|w..A.w|wwwwww|??????|,46,up,wwwwww|w...0w|w.wBww|w1.A.w|w....w|wwwwww|,47,1.0,1.0,0.6998343811320384
84,wwwwww|w...0w|w.wBww|w1.A.w|w....w|wwwwww|,47,nil,wwwwww|w...0w|w.wBww|w1.A.w|w....w|wwwwww|,47,1.0,1.0,0.625
85,wwwwww|w...0w|w.wBww|w1.A.w|w....w|wwwwww|,47,down,w..B0w|w.w.ww|w1...w|w..A.w|wwwwww|??????|,48,1.0,1.0,0.6998343811320384
86,w..B0w|w.w.ww|w1...w|w..A.w|wwwwww|??????|,48,up,wwwwww|w...Zw|w.w.ww|w1.A.w|w....w|wwwwww|,49,1.0,1.0,0.6998343811320384
87,wwwwww|w...Zw|w.w.ww|w1.A.w|w....w|wwwwww|,49,right,wwwww?|...Zw?|.w.ww?|1..Aw?|....w?|wwwww?|,50,1.0,1.0,0.6998343811320384
88,wwwww?|...Zw?|.w.ww?|1..Aw?|....w?|wwwww?|,50,right,wwwww?|...Zw?|.w.ww?|1..Aw?|....w?|wwwww?|,50,2.0,1.0,0.625
89,wwwww?|...Zw?|.w.ww?|1..Aw?|....w?|wwwww?|,50,right,wwwww?|..B0w?|.w.ww?|1..Aw?|....w?|wwwww?|,51,2.0,1.0,0.625
90,wwwww?|..B0w?|.w.ww?|1..Aw?|....w?|wwwww?|,51,right,wwwww?|..B0w?|.w.ww?|1..Aw?|....w?|wwwww?|,51,2.0,2.0,0.625
91,wwwww?|..B0w?|.w.ww?|1..Aw?|....w?|wwwww?|,51,down,..B0w?|.w.ww?|1...w?|...Aw?|wwwww?|??????|,52,1.0,1.0,0.6998343811320384
92,..B0w?|.w.ww?|1...w?|...Aw?|wwwww?|??????|,52,up,wwwww?|..B0w?|.w.ww?|1..Aw?|....w?|wwwww?|,51,1.0,1.0,0.6998343811320384
93,??w...|??w.w.|??w.1.|??wA..|??wwww|??????|,1,up,??wwww|??w...|??w.w.|??wA1.|??w...|??wwww|,53,33.0,33.0,0.4365
94,??wwww|??w...|??w.w.|??wA1.|??w...|??wwww|,53,nil,??wwww|??w...|??w.w.|??wA1.|??w...|??wwww|,53,28.0,28.0,0.3125
95,??wwww|??w...|??w.w.|??wA1.|??w...|??wwww|,53,right,?wwwww|?w...0|?w.w.w|?w.A1.|?w..B.|?wwwww|,54,26.0,1.0,0.7104508497187474
96,?wwwww|?w...0|?w.w.w|?w.A1.|?w..B.|?wwwww|,54,nil,?wwwww|?w...0|?w.w1w|?w.AB.|?w....|?wwwww|,55,1.0,1.0,0.625
97,?wwwww|?w...0|?w.w1w|?w.AB.|?w....|?wwwww|,55,up,?wwwww|?w..10|?w.wBw|?w.A..|?w....|?wwwww|,56,1.0,1.0,0.625
98,?wwwww|?w..10|?w.wBw|?w.A..|?w....|?wwwww|,56,down,?w..10|?w.wBw|?w....|?w.A..|?wwwww|??????|,57,1.0,1.0,0.745
99,?w..10|?w.wBw|?w....|?w.A..|?wwwww|??????|,57,up,?wwwww|?w..10|?w.wBw|?w.A..|?w....|?wwwww|,56,1.0,1.0,0.745
100,?wwwww|?w..10|?w.wBw|?w.A..|?w....|?wwwww|,56,up,?wwwww|?w..10|?w.wBw|?w.A..|?w....|?wwwww|,56,2.0,2.0,0.625
101,?wwwww|?w..10|?w.wBw|?w.A..|?w....|?wwwww|,56,left,?wwwww|?w..10|?w.wBw|?w.A..|?w....|?wwwww|,56,1.0,1.0,0.625
102,?wwwww|?w..10|?w.wBw|?w.A..|?w....|?wwwww|,56,right,wwwwww|w..10w|w.wBww|w..A.w|w....w|wwwwww|,58,1.0,1.0,0.745
103,wwwwww|w..10w|w.wBww|w..A.w|w....w|wwwwww|,58,nil,wwwwww|w..10w|w.wBww|w..A.w|w....w|wwwwww|,58,2.0,2.0,0.625
104,wwwwww|w..10w|w.wBww|w..A.w|w....w|wwwwww|,58,down,wwwwww|w..10w|w.wBww|w..A.w|w....w|wwwwww|,58,2.0,1.0,0.625
105,wwwwww|w..10w|w.wBww|w..A.w|w....w|wwwwww|,58,up,wwwwww|w..10w|w.wBww|w..A.w|w....w|wwwwww|,58,1.0,1.0,0.625
106,wwwwww|w..10w|w.wBww|w..A.w|w....w|wwwwww|,58,down,w..10w|w.wBww|w....w|w..A.w|wwwwww|??????|,59,2.0,1.0,0.745
107,w..10w|w.wBww|w....w|w..A.w|wwwwww|??????|,59,left,?w..10|?w.wBw|?w....|?w.A..|?wwwww|??????|,57,1.0,1.0,0.745
108,?w..10|?w.wBw|?w....|?w.A..|?wwwww|??????|,57,right,?w..10|?w.wBw|?w....|?w.A..|?wwwww|??????|,57,2.0,2.0,0.625
109,?w..10|?w.wBw|?w....|?w.A..|?wwwww|??????|,57,nil,?w..10|?w.wBw|?w....|?w.A..|?wwwww|??????|,57,5.0,5.0,0.625
110,?w..10|?w.wBw|?w....|?w.A..|?wwwww|??????|,57,left,?w..10|?w.wBw|?w....|?w.A..|?wwwww|??????|,57,2.0,1.0,0.625
111,?w..10|?w.wBw|?w....|?w.A..|?wwwww|??????|,57,down,?w..10|?w.wBw|?w....|?w.A..|?wwwww|??????|,57,1.0,1.0,0.625
112,?w..10|?w.wBw|?w....|?w.A..|?wwwww|??????|,57,left,??w..1|??w.wB|??w...|??wA..|??wwww|??????|,60,2.0,1.0,0.1865
113,??w..1|??w.wB|??w...|??wA..|??wwww|??????|,60,left,??w..1|??w.wB|??w...|??wA..|??wwww|??????|,60,1.0,1.0,0.3125
114,??w..1|??w.wB|??w...|??wA..|??wwww|??????|,60,nil,??w..1|??w.wB|??w...|??wA..|??wwww|??????|,60,2.0,2.0,0.3125
115,??w..1|??w.wB|??w...|??wA..|??wwww|??????|,60,down,??w..1|??w.wB|??w...|??wA..|??wwww|??????|,60,1.0,1.0,0.3125
116,??w..1|??w.wB|??w...|??wA..|??wwww|??????|,60,up,??wwww|??w..1|??w.wB|??wA..|??w...|??wwww|,61,1.0,1.0,0.4365
117,??wwww|??w..1|??w.wB|??wA..|??w...|??wwww|,61,down,??w..1|??w.w.|??w..B|??wA..|??wwww|??????|,62,1.0,1.0,0.4365
118,??w..1|??w.w.|??w..B|??wA..|??wwww|??????|,62,up,??wwww|??w..1|??w.w.|??wA.B|??w...|??wwww|,63,1.0,1.0,0.4365
119,??wwww|??w..1|??w.w.|??wA.B|??w...|??wwww|,63,left,??wwww|??w..1|??w.wB|??wA..|??w...|??wwww|,61,1.0,1.0,0.3125
120,??wwww|??w..1|??w.wB|??wA..|??w...|??wwww|,61,left,??wwww|??w..1|??w.wB|??wA..|??w...|??wwww|,61,2.0,2.0,0.3125
121,??wwww|??w..1|??w.wB|??wA..|??w...|??wwww|,61,nil,??wwww|??w..1|??w.wB|??wA..|??w...|??wwww|,61,1.0,1.0,0.3125
122,??wwww|??w..1|??w.wB|??wA..|??w...|??wwww|,61,up,??????|??wwww|??w..1|??wAwB|??w...|??w...|,64,1.0,1.0,0.4365
123,??????|??wwww|??w..1|??wAwB|??w...|??w...|,64,up,??????|??????|??wwww|??wA.1|??w.wB|??w...|,65,1.0,1.0,0.4365
124,??????|??????|??wwww|??wA.1|??w.wB|??w...|,65,nil,??????|??????|??wwww|??wA.1|??w.wB|??w...|,65,1.0,1.0,0.3125
125,??????|??????|??wwww|??wA.1|??w.wB|??w...|,65,up,??????|??????|??wwww|??wA.1|??w.w.|??w..B|,66,1.0,1.0,0.3125
126,??????|??????|??wwww|??wA.1|??w.w.|??w..B|,66,right,??????|??????|?wwwww|?w.A10|?w.wBw|?w....|,67,1.0,1.0,0.745
127,??????|??????|?wwwww|?w.A10|?w.wBw|?w....|,67,nil,??????|??????|?wwwww|?w.A10|?w.w.w|?w..B.|,68,1.0,1.0,0.625
128,??wwww|??w...|??w.w.|??wA1.|??w...|??wwww|,53,right,?wwwww|?w...0|?w.w.w|?w.A1B|?w....|?wwwww|,69,26.0,25.0,0.7104508497187474
129,?wwwww|?w...0|?w.w.w|?w.A1B|?w....|?wwwww|,69,left,??wwww|??w...|??w.w.|??wA.1|??w...|??wwww|,70,8.0,8.0,0.1865
130,??wwww|??w...|??w.w.|??wA.1|??w...|??wwww|,70,right,?wwwww|?w...0|?w.w.w|?w.A1B|?w....|?wwwww|,69,8.0,8.0,0.7104508497187474
131,??wwww|??w...|??w.w.|??wA.1|??w...|??wwww|,70,up,??????|??wwww|??w...|??wAw.|??w..1|??w...|,71,6.0,6.0,0.4365
132,??????|??wwww|??w...|??wAw.|??w..1|??w...|,71,right,??????|??wwww|??w...|??wAw.|??w..1|??w...|,71,5.0,5.0,0.3125
133,??????|??wwww|??w...|??wAw.|??w..1|??w...|,71,down,??wwww|??w...|??w.w.|??wA.1|??w...|??wwww|,70,6.0,6.0,0.4365
134,??wwww|??w...|??w.w.|??wA.1|??w...|??wwww|,70,left,??wwww|??w...|??w.w.|??wA.1|??w...|??wwww|,70,4.0,4.0,0.3125
135,?wwwww|?w...0|?w.w.w|?w.A1B|?w....|?wwwww|,69,nil,?wwwww|?w...0|?w.w.w|?w.A1B|?w....|?wwwww|,69,11.0,11.0,0.625
136,?wwwww|?w...0|?w.w.w|?w.A1B|?w....|?wwwww|,69,right,wwwwww|w...0w|w.w.ww|w..A1w|w....w|wwwwww|,72,6.0,6.0,0.71375
137,wwwwww|w...0w|w.w.ww|w..A1w|w....w|wwwwww|,72,nil,wwwwww|w...0w|w.w.ww|w..A1w|w....w|wwwwww|,72,29.0,29.0,0.625
138,wwwwww|w...0w|w.w.ww|w..A1w|w....w|wwwwww|,72,left,?wwwww|?w...0|?w.w.w|?w.A.1|?w....|?wwwww|,73,25.0,25.0,0.71375
139,?wwwww|?w...0|?w.w.w|?w.A.1|?w....|?wwwww|,73,nil,?wwwww|?w...0|?w.w.w|?w.A.1|?w....|?wwwww|,73,25.0,25.0,0.625
140,?wwwww|?w...0|?w.w.w|?w.A.1|?w....|?wwwww|,73,right,wwwwww|w...0w|w.w.ww|w..A1w|w....w|wwwwww|,72,24.0,24.0,0.71375
141,wwwwww|w...0w|w.w.ww|w..A1w|w....w|wwwwww|,72,down,w...0w|w.w.ww|w...1w|w..A.w|wwwwww|??????|,74,31.0,31.0,0.71375
142,w...0w|w.w.ww|w...1w|w..A.w|wwwwww|??????|,74,nil,w...0w|w.w.ww|w...1w|w..A.w|wwwwww|??????|,74,32.0,32.0,0.625
143,w...0w|w.w.ww|w...1w|w..A.w|wwwwww|??????|,74,down,w...0w|w.w.ww|w...1w|w..A.w|wwwwww|??????|,74,25.0,25.0,0.625
144,w...0w|w.w.ww|w...1w|w..A.w|wwwwww|??????|,74,left,?w...0|?w.w.w|?w...1|?w.A..|?wwwww|??????|,75,16.0,16.0,0.71375
145,?w...0|?w.w.w|?w...1|?w.A..|?wwwww|??????|,75,left,??w...|??w.w.|??w...|??wA..|??wwww|??????|,76,11.0,11.0,0.01
146,??w...|??w.w.|??w...|??wA..|??wwww|??????|,76,nil,??w...|??w.w.|??w...|??wA..|??wwww|??????|,76,33.0,33.0,0.0625
147,??w...|??w.w.|??w...|??wA..|??wwww|??????|,76,down,??w...|??w.w.|??w...|??wA..|??wwww|??????|,76,28.0,28.0,0.0625
148,??w...|??w.w.|??w...|??wA..|??wwww|??????|,76,up,??wwww|??w...|??w.w.|??wA..|??w...|??wwww|,77,34.0,34.0,0.125
149,??wwww|??w...|??w.w.|??wA..|??w...|??wwww|,77,nil,??wwww|??w...|??w.w.|??wA..|??w...|??wwww|,77,33.0,33.0,0.0625
150,??wwww|??w...|??w.w.|??wA..|??w...|??wwww|,77,left,??wwww|??w...|??w.w.|??wA..|??w...|??wwww|,77,34.0,34.0,0.0625
151,??wwww|??w...|??w.w.|??wA..|??w...|??wwww|,77,up,??????|??wwww|??w...|??wAw.|??w...|??w...|,78,44.0,44.0,0.125
152,??????|??wwww|??w...|??wAw.|??w...|??w...|,78,nil,??????|??wwww|??w...|??wAw.|??w...|??w...|,78,47.0,47.0,0.0625
153,??????|??wwww|??w...|??wAw.|??w...|??w...|,78,down,??wwww|??w...|??w.w.|??wA..|??w...|??wwww|,77,48.0,48.0,0.125
154,??????|??wwww|??w...|??wAw.|??w...|??w...|,78,left,??????|??wwww|??w...|??wAw.|??w...|??w...|,78,43.0,43.0,0.0625
155,??????|??wwww|??w...|??wAw.|??w...|??w...|,78,right,??????|??wwww|??w...|??wAw.|??w...|??w...|,78,42.0,42.0,0.0625
156,??????|??wwww|??w...|??wAw.|??w...|??w...|,78,up,??????|??????|??wwww|??wA..|??w.w.|??w...|,79,49.0,49.0,0.125
157,??????|??????|??wwww|??wA..|??w.w.|??w...|,79,up,??????|??????|??wwww|??wA..|??w.w.|??w...|,79,55.0,55.0,0.0625
158,??????|??????|??wwww|??wA..|??w.w.|??w...|,79,right,??????|??????|?wwwww|?w.A.0|?w.w.w|?w...1|,80,53.0,53.0,0.71375
159,??????|??????|?wwwww|?w.A.0|?w.w.w|?w...1|,80,up,??????|??????|?wwwww|?w.A.0|?w.w.w|?w...1|,80,66.0,66.0,0.625
160,??????|??????|?wwwww|?w.A.0|?w.w.w|?w...1|,80,nil,??????|??????|?wwwww|?w.A.0|?w.w.w|?w...1|,80,62.0,62.0,0.625
161,??????|??????|?wwwww|?w.A.0|?w.w.w|?w...1|,80,down,??????|??????|?wwwww|?w.A.0|?w.w.w|?w...1|,80,81.0,81.0,0.625
162,??????|??????|?wwwww|?w.A.0|?w.w.w|?w...1|,80,right,??????|??????|wwwwww|w..A0w|w.w.ww|w...1w|,81,81.0,81.0,0.71375
163,??????|??????|wwwwww|w..A0w|w.w.ww|w...1w|,81,up,??????|??????|wwwwww|w..A0w|w.w.ww|w...1w|,81,67.0,67.0,0.625
164,??????|??????|wwwwww|w..A0w|w.w.ww|w...1w|,81,right,??????|??????|wwwww?|...Yw?|.w.ww?|...1w?|,82,94.0,94.0,0.71375
165,??????|??????|wwwww?|...Yw?|.w.ww?|...1w?|,82,right,??????|??????|wwwww?|...Yw?|.w.ww?|...1w?|,82,112.0,112.0,0.625
166,??????|??????|wwwww?|...Yw?|.w.ww?|...1w?|,82,left,??????|??????|wwwwww|w..A0w|w.w.ww|w...1w|,81,93.0,93.0,0.71375
167,??????|??????|wwwwww|w..A0w|w.w.ww|w...1w|,81,left,??????|??????|?wwwww|?w.A.0|?w.w.w|?w...1|,80,87.0,87.0,0.71375
168,??????|??????|?wwwww|?w.A.0|?w.w.w|?w...1|,80,left,??????|??????|??wwww|??wA..|??w.w.|??w...|,79,59.0,59.0,0.01
169,??????|??wwww|??w...|??wAw.|??w..1|??w...|,71,up,??????|??????|??wwww|??wA..|??w.w.|??w..1|,83,1.0,1.0,0.4365
170,??????|??????|??wwww|??wA..|??w.w.|??w..1|,83,nil,??????|??????|??wwww|??wA..|??w.w.|??w..1|,83,1.0,1.0,0.3125
171,??????|??????|??wwww|??wA..|??w.w.|??w..1|,83,down,??????|??wwww|??w...|??wAw.|??w..1|??w...|,71,1.0,1.0,0.4365
172,??????|??wwww|??w...|??wAw.|??w..1|??w...|,71,left,??????|??wwww|??w...|??wAw.|??w..1|??w...|,71,3.0,3.0,0.3125
173,??wwww|??w...|??w.w.|??wA.1|??w...|??wwww|,70,nil,??wwww|??w...|??w.w.|??wA.1|??w...|??wwww|,70,10.0,10.0,0.3125
174,wwwwww|w...0w|w.w.ww|w..A1w|w....w|wwwwww|,72,right,wwwwww|w...0w|w.w.ww|w..A1w|w....w|wwwwww|,72,17.0,17.0,0.625
175,wwwwww|w...0w|w.w.ww|w..A1w|w....w|wwwwww|,72,up,??????|wwwwww|w...0w|w.wAww|w...1w|w....w|,84,25.0,25.0,0.71375
176,??????|wwwwww|w...0w|w.wAww|w...1w|w....w|,84,left,??????|wwwwww|w...0w|w.wAww|w...1w|w....w|,84,13.0,13.0,0.625
177,??????|wwwwww|w...0w|w.wAww|w...1w|w....w|,84,right,??????|wwwwww|w...0w|w.wAww|w...1w|w....w|,84,18.0,18.0,0.625
178,??????|wwwwww|w...0w|w.wAww|w...1w|w....w|,84,down,wwwwww|w...0w|w.w.ww|w..A1w|w....w|wwwwww|,72,18.0,18.0,0.71375
179,w...0w|w.w.ww|w...1w|w..A.w|wwwwww|??????|,74,right,...0w?|.w.ww?|...1w?|...Aw?|wwwww?|??????|,85,30.0,30.0,0.71375
180,...0w?|.w.ww?|...1w?|...Aw?|wwwww?|??????|,85,up,...0w?|.w.ww?|...1w?|...Aw?|wwwww?|??????|,85,48.0,48.0,0.625
181,...0w?|.w.ww?|...1w?|...Aw?|wwwww?|??????|,85,right,...0w?|.w.ww?|...1w?|...Aw?|wwwww?|??????|,85,41.0,41.0,0.625
182,...0w?|.w.ww?|...1w?|...Aw?|wwwww?|??????|,85,down,...0w?|.w.ww?|...1w?|...Aw?|wwwww?|??????|,85,42.0,42.0,0.625
183,...0w?|.w.ww?|...1w?|...Aw?|wwwww?|??????|,85,nil,...0w?|.w.ww?|...1w?|...Aw?|wwwww?|??????|,85,41.0,41.0,0.625
184,...0w?|.w.ww?|...1w?|...Aw?|wwwww?|??????|,85,left,w...0w|w.w.ww|w...1w|w..A.w|wwwwww|??????|,74,30.0,30.0,0.71375
185,w...0w|w.w.ww|w...1w|w..A.w|wwwwww|??????|,74,up,wwwwww|w...0w|w.w.ww|w..A1w|w....w|wwwwww|,72,33.0,33.0,0.71375
186,??????|wwwwww|w...0w|w.wAww|w...1w|w....w|,84,up,??????|??????|wwwwww|w..A0w|w.w.ww|w...1w|,81,13.0,13.0,0.71375
187,??????|??????|wwwww?|...Yw?|.w.ww?|...1w?|,82,down,??????|??????|wwwww?|...Yw?|.w.ww?|...1w?|,82,91.0,91.0,0.625
188,??????|??????|??wwww|??wA..|??w.w.|??w...|,79,down,??????|??wwww|??w...|??wAw.|??w...|??w...|,78,53.0,53.0,0.125
189,??????|??????|??wwww|??wA..|??w.w.|??w...|,79,left,??????|??????|??wwww|??wA..|??w.w.|??w...|,79,46.0,46.0,0.0625
190,??????|??????|wwwww?|...Yw?|.w.ww?|...1w?|,82,nil,??????|??????|wwwww?|...Yw?|.w.ww?|...1w?|,82,91.0,91.0,0.625
191,??wwww|??w...|??w.w.|??wA..|??w...|??wwww|,77,down,??w...|??w.w.|??w...|??wA..|??wwww|??????|,76,24.0,24.0,0.125
192,??w...|??w.w.|??w.1.|??wA..|??wwww|??????|,1,right,?w...0|?w.w.w|?w.1.B|?w.A..|?wwwww|??????|,3,16.0,16.0,0.7045970869120796
193,?w...0|?w.w.w|?w.1.B|?w.A..|?wwwww|??????|,3,down,?w...0|?w.w.w|?w.1.B|?w.A..|?wwwww|??????|,3,20.0,19.0,0.625
194,?w...0|?w.w.w|?w.1.B|?w.A..|?wwwww|??????|,3,up,?w...0|?w.w.w|?w.1.B|?w.A..|?wwwww|??????|,3,24.0,24.0,0.625
195,?w...0|?w.w.w|?w.1.B|?w.A..|?wwwww|??????|,3,right,w...0w|w.w.ww|w.1.Bw|w..A.w|wwwwww|??????|,36,22.0,21.0,0.7045970869120796
196,w...0w|w.w.ww|w.1.Bw|w..A.w|wwwwww|??????|,36,up,wwwwww|w...0w|w.w.ww|w.1ABw|w....w|wwwwww|,86,6.0,6.0,0.7045970869120796
197,wwwwww|w...0w|w.w.ww|w.1ABw|w....w|wwwwww|,86,down,w...0w|w.w.ww|w.1.Bw|w..A.w|wwwwww|??????|,36,3.0,3.0,0.7045970869120796
198,w...0w|w.w.ww|w.1.Bw|w..A.w|wwwwww|??????|,36,left,?w...0|?w.w.w|?w.1.B|?w.A..|?wwwww|??????|,3,18.0,18.0,0.7045970869120796
199,?w...0|?w.w.w|?w.1.B|?w.A..|?wwwww|??????|,3,nil,?w...0|?w.w.w|?w.1.B|?w.A..|?wwwww|??????|,3,35.0,35.0,0.625
200,?w...0|?w.w.w|?w.1.B|?w.A..|?wwwww|??????|,3,left,??w...|??w.w.|??w.1.|??wA..|??wwww|??????|,1,13.0,13.0,0.1865
201,??wwww|??w...|??w.w.|??wA.1|??w...|??wwww|,70,down,??w...|??w.w.|??w..1|??wA..|??wwww|??????|,87,4.0,4.0,0.4365
202,??w...|??w.w.|??w..1|??wA..|??wwww|??????|,87,down,??w...|??w.w.|??w..1|??wA..|??wwww|??????|,87,7.0,7.0,0.3125
203,??w...|??w.w.|??w..1|??wA..|??wwww|??????|,87,nil,??w...|??w.w.|??w..1|??wA..|??wwww|??????|,87,10.0,10.0,0.3125
204,??w...|??w.w.|??w..1|??wA..|??wwww|??????|,87,right,?w...0|?w.w.w|?w..1B|?w.A..|?wwwww|??????|,88,4.0,4.0,0.7104508497187474
205,?w...0|?w.w.w|?w..1B|?w.A..|?wwwww|??????|,88,nil,?w...0|?w.w.w|?w..1B|?w.A..|?wwwww|??????|,88,7.0,7.0,0.625
206,?w...0|?w.w.w|?w..1B|?w.A..|?wwwww|??????|,88,right,w...0w|w.w.ww|w..1Bw|w..A.w|wwwwww|??????|,89,23.0,23.0,0.7104508497187474
207,w...0w|w.w.ww|w..1Bw|w..A.w|wwwwww|??????|,89,right,...0w?|.w.ww?|..1Bw?|...Aw?|wwwww?|??????|,90,5.0,5.0,0.7104508497187474
208,...0w?|.w.ww?|..1Bw?|...Aw?|wwwww?|??????|,90,right,...0w?|.w.ww?|..1Bw?|...Aw?|wwwww?|??????|,90,8.0,8.0,0.625
209,...0w?|.w.ww?|..1Bw?|...Aw?|wwwww?|??????|,90,nil,...0w?|.w.ww?|..1Bw?|...Aw?|wwwww?|??????|,90,7.0,7.0,0.625
210,...0w?|.w.ww?|..1Bw?|...Aw?|wwwww?|??????|,90,up,...0w?|.w.ww?|..1Bw?|...Aw?|wwwww?|??????|,90,3.0,3.0,0.625
211,...0w?|.w.ww?|..1Bw?|...Aw?|wwwww?|??????|,90,left,w...0w|w.w.ww|w..1Bw|w..A.w|wwwwww|??????|,89,5.0,5.0,0.7104508497187474
212,w...0w|w.w.ww|w..1Bw|w..A.w|wwwwww|??????|,89,down,w...0w|w.w.ww|w..1Bw|w..A.w|wwwwww|??????|,89,2.0,2.0,0.625
213,w...0w|w.w.ww|w..1Bw|w..A.w|wwwwww|??????|,89,left,?w...0|?w.w.w|?w..1B|?w.A..|?wwwww|??????|,88,4.0,4.0,0.7104508497187474
214,?w...0|?w.w.w|?w..1B|?w.A..|?wwwww|??????|,88,down,?w...0|?w.w.w|?w..1B|?w.A..|?wwwww|??????|,88,12.0,12.0,0.625
215,?w...0|?w.w.w|?w..1B|?w.A..|?wwwww|??????|,88,left,??w...|??w.w.|??w..1|??wA..|??wwww|??????|,87,4.0,4.0,0.1865
216,??w...|??w.w.|??w..1|??wA..|??wwww|??????|,87,up,??wwww|??w...|??w.w.|??wA.1|??w...|??wwww|,70,4.0,4.0,0.4365
217,?wwwww|?w...0|?w.w.w|?w.A.1|?w....|?wwwww|,73,up,?wwwww|?w...0|?w.w.w|?w.A.1|?w....|?wwwww|,73,21.0,21.0,0.625
218,?wwwww|?w...0|?w.w.w|?w.A.1|?w....|?wwwww|,73,left,??wwww|??w...|??w.w.|??wA..|??w...|??wwww|,77,20.0,20.0,0.01
219,??wwww|??w...|??w.w.|??wA..|??w...|??wwww|,77,right,?wwwww|?w...0|?w.w.w|?w.A.1|?w....|?wwwww|,73,33.0,33.0,0.71375
220,?wwwww|?w...0|?w.w.w|?w.A.1|?w....|?wwwww|,73,down,?w...0|?w.w.w|?w...1|?w.A..|?wwwww|??????|,75,15.0,15.0,0.71375
221,?w...0|?w.w.w|?w...1|?w.A..|?wwwww|??????|,75,nil,?w...0|?w.w.w|?w...1|?w.A..|?wwwww|??????|,75,20.0,20.0,0.625
222,?w...0|?w.w.w|?w...1|?w.A..|?wwwww|??????|,75,right,w...0w|w.w.ww|w...1w|w..A.w|wwwwww|??????|,74,20.0,20.0,0.71375
223,?w...0|?w.w.w|?w...1|?w.A..|?wwwww|??????|,75,down,?w...0|?w.w.w|?w...1|?w.A..|?wwwww|??????|,75,17.0,17.0,0.625
224,??w...|??w.w.|??w.1.|??wA..|??wwww|??????|,1,down,??w...|??w.w.|??w.1.|??wA..|??wwww|??????|,1,10.0,10.0,0.3125
225,?wwwww|?w...0|?w.w.w|?w.A1B|?w....|?wwwww|,69,down,?w...0|?w.w.w|?w..1B|?w.A..|?wwwww|??????|,88,22.0,22.0,0.7104508497187474
226,?w...0|?w.w.w|?w..1B|?w.A..|?wwwww|??????|,88,up,?wwwww|?w...0|?w.w.w|?w.A1B|?w....|?wwwww|,69,3.0,3.0,0.7104508497187474
227,?wwwww|?w...0|?w.w.w|?w.A1B|?w....|?wwwww|,69,up,?wwwww|?w...0|?w.w.w|?w.A1B|?w....|?wwwww|,69,5.0,5.0,0.625
228,...0w?|.w.ww?|..1Bw?|...Aw?|wwwww?|??????|,90,down,...0w?|.w.ww?|..1Bw?|...Aw?|wwwww?|??????|,90,4.0,4.0,0.625
229,w...0w|w.w.ww|w..1Bw|w..A.w|wwwwww|??????|,89,up,wwwwww|w...0w|w.w1ww|w..ABw|w....w|wwwwww|,91,19.0,19.0,0.7266941738241592
230,wwwwww|w...0w|w.w1ww|w..ABw|w....w|wwwwww|,91,right,wwwwww|w...0w|w.w1ww|w..ABw|w....w|wwwwww|,91,3.0,3.0,0.625
231,wwwwww|w...0w|w.w1ww|w..ABw|w....w|wwwwww|,91,left,?wwwww|?w...0|?w.w1w|?w.A.B|?w....|?wwwww|,92,1.0,1.0,0.7266941738241592
232,?wwwww|?w...0|?w.w1w|?w.A.B|?w....|?wwwww|,92,nil,?wwwww|?w...0|?w.w1w|?w.A.B|?w....|?wwwww|,92,1.0,1.0,0.625
233,?wwwww|?w...0|?w.w1w|?w.A.B|?w....|?wwwww|,92,up,?wwwww|?w...0|?w.w1w|?w.A.B|?w....|?wwwww|,92,2.0,2.0,0.625
234,?wwwww|?w...0|?w.w1w|?w.A.B|?w....|?wwwww|,92,right,wwwwww|w...0w|w.w1ww|w..ABw|w....w|wwwwww|,91,2.0,2.0,0.7266941738241592
235,wwwwww|w...0w|w.w1ww|w..ABw|w....w|wwwwww|,91,nil,wwwwww|w...0w|w.w1ww|w..ABw|w....w|wwwwww|,91,3.0,3.0,0.625
236,wwwwww|w...0w|w.w1ww|w..ABw|w....w|wwwwww|,91,down,w...0w|w.w1ww|w...Bw|w..A.w|wwwwww|??????|,93,2.0,2.0,0.7266941738241592
237,w...0w|w.w1ww|w...Bw|w..A.w|wwwwww|??????|,93,left,?w...0|?w.w1w|?w...B|?w.A..|?wwwww|??????|,94,1.0,1.0,0.7266941738241592
238,?w...0|?w.w1w|?w...B|?w.A..|?wwwww|??????|,94,up,?wwwww|?w...0|?w.w1w|?w.A.B|?w....|?wwwww|,92,1.0,1.0,0.7266941738241592
239,?wwwww|?w...0|?w.w1w|?w.A.B|?w....|?wwwww|,92,left,??wwww|??w...|??w.w1|??wA..|??w...|??wwww|,95,1.0,1.0,0.1865
240,??wwww|??w...|??w.w1|??wA..|??w...|??wwww|,95,down,??w...|??w.w1|??w...|??wA..|??wwww|??????|,96,2.0,2.0,0.4365
241,??w...|??w.w1|??w...|??wA..|??wwww|??????|,96,left,??w...|??w.w1|??w...|??wA..|??wwww|??????|,96,1.0,1.0,0.3125
242,??w...|??w.w1|??w...|??wA..|??wwww|??????|,96,up,??wwww|??w...|??w.w1|??wA..|??w...|??wwww|,95,2.0,2.0,0.4365
243,??wwww|??w...|??w.w1|??wA..|??w...|??wwww|,95,left,??wwww|??w...|??w.w1|??wA..|??w...|??wwww|,95,2.0,2.0,0.3125
244,??wwww|??w...|??w.w1|??wA..|??w...|??wwww|,95,nil,??wwww|??w...|??w.w1|??wA..|??w...|??wwww|,95,2.0,2.0,0.3125
245,??wwww|??w...|??w.w1|??wA..|??w...|??wwww|,95,right,?wwwww|?w...0|?w.w1w|?w.A.B|?w....|?wwwww|,92,1.0,1.0,0.7266941738241592
246,w...0w|w.w1ww|w...Bw|w..A.w|wwwwww|??????|,93,nil,w...0w|w.w1ww|w...Bw|w..A.w|wwwwww|??????|,93,1.0,1.0,0.625
247,w...0w|w.w1ww|w...Bw|w..A.w|wwwwww|??????|,93,up,wwwwww|w...0w|w.w1ww|w..ABw|w....w|wwwwww|,91,1.0,1.0,0.7266941738241592
248,wwwwww|w...0w|w.w1ww|w..ABw|w....w|wwwwww|,91,up,??????|wwwwww|w..10w|w.wAww|w...Bw|w....w|,97,19.0,19.0,0.745
249,??????|wwwwww|w..10w|w.wAww|w...Bw|w....w|,97,nil,??????|wwwwww|w..10w|w.wAww|w...Bw|w....w|,97,57.0,57.0,0.625
250,??????|wwwwww|w..10w|w.wAww|w...Bw|w....w|,97,left,??????|wwwwww|w..10w|w.wAww|w...Bw|w....w|,97,48.0,48.0,0.625
251,??????|wwwwww|w..10w|w.wAww|w...Bw|w....w|,97,up,??????|wwwwww|w..10w|w.wAww|w...Bw|w....w|,97,44.0,44.0,0.625
252,??????|wwwwww|w..10w|w.wAww|w...Bw|w....w|,97,right,??????|wwwwww|w..10w|w.wAww|w...Bw|w....w|,97,50.0,50.0,0.625
253,??????|wwwwww|w..10w|w.wAww|w...Bw|w....w|,97,down,wwwwww|w..10w|w.w.ww|w..ABw|w....w|wwwwww|,98,58.0,58.0,0.745
254,wwwwww|w..10w|w.w.ww|w..ABw|w....w|wwwwww|,98,right,wwwwww|w..10w|w.w.ww|w..ABw|w....w|wwwwww|,98,29.0,29.0,0.625
255,wwwwww|w..10w|w.w.ww|w..ABw|w....w|wwwwww|,98,left,?wwwww|?w..10|?w.w.w|?w.A.B|?w....|?wwwww|,99,42.0,42.0,0.745
256,?wwwww|?w..10|?w.w.w|?w.A.B|?w....|?wwwww|,99,right,wwwwww|w..10w|w.w.ww|w..ABw|w....w|wwwwww|,98,37.0,37.0,0.745
257,?wwwww|?w..10|?w.w.w|?w.A.B|?w....|?wwwww|,99,down,?w..10|?w.w.w|?w...B|?w.A..|?wwwww|??????|,100,47.0,47.0,0.745
258,?w..10|?w.w.w|?w...B|?w.A..|?wwwww|??????|,100,down,?w..10|?w.w.w|?w...B|?w.A..|?wwwww|??????|,100,43.0,43.0,0.625
259,?w..10|?w.w.w|?w...B|?w.A..|?wwwww|??????|,100,right,w..10w|w.w.ww|w...Bw|w..A.w|wwwwww|??????|,101,36.0,36.0,0.745
260,w..10w|w.w.ww|w...Bw|w..A.w|wwwwww|??????|,101,left,?w..10|?w.w.w|?w...B|?w.A..|?wwwww|??????|,100,50.0,50.0,0.745
261,?w..10|?w.w.w|?w...B|?w.A..|?wwwww|??????|,100,nil,?w..10|?w.w.w|?w...B|?w.A..|?wwwww|??????|,100,38.0,38.0,0.625
262,?w..10|?w.w.w|?w...B|?w.A..|?wwwww|??????|,100,left,??w..1|??w.w.|??w...|??wA..|??wwww|??????|,102,59.0,59.0,0.1865
263,??w..1|??w.w.|??w...|??wA..|??wwww|??????|,102,nil,??w..1|??w.w.|??w...|??wA..|??wwww|??????|,102,40.0,40.0,0.3125
264,??w..1|??w.w.|??w...|??wA..|??wwww|??????|,102,up,??wwww|??w..1|??w.w.|??wA..|??w...|??wwww|,103,55.0,55.0,0.4365
265,??wwww|??w..1|??w.w.|??wA..|??w...|??wwww|,103,left,??wwww|??w..1|??w.w.|??wA..|??w...|??wwww|,103,55.0,55.0,0.3125
266,??wwww|??w..1|??w.w.|??wA..|??w...|??wwww|,103,down,??w..1|??w.w.|??w...|??wA..|??wwww|??????|,102,34.0,34.0,0.4365
267,??w..1|??w.w.|??w...|??wA..|??wwww|??????|,102,left,??w..1|??w.w.|??w...|??wA..|??wwww|??????|,102,39.0,39.0,0.3125
268,??w..1|??w.w.|??w...|??wA..|??wwww|??????|,102,down,??w..1|??w.w.|??w...|??wA..|??wwww|??????|,102,40.0,40.0,0.3125
269,??w..1|??w.w.|??w...|??wA..|??wwww|??????|,102,right,?w..10|?w.w.w|?w...B|?w.A..|?wwwww|??????|,100,38.0,38.0,0.745
270,?w..10|?w.w.w|?w...B|?w.A..|?wwwww|??????|,100,up,?wwwww|?w..10|?w.w.w|?w.A.B|?w....|?wwwww|,99,40.0,40.0,0.745
271,?wwwww|?w..10|?w.w.w|?w.A.B|?w....|?wwwww|,99,left,??wwww|??w..1|??w.w.|??wA..|??w...|??wwww|,103,49.0,49.0,0.1865
272,?wwwww|?w..10|?w.w.w|?w.A.B|?w....|?wwwww|,99,nil,?wwwww|?w..10|?w.w.w|?w.A.B|?w....|?wwwww|,99,59.0,59.0,0.625
273,w..10w|w.w.ww|w...Bw|w..A.w|wwwwww|??????|,101,up,wwwwww|w..10w|w.w.ww|w..ABw|w....w|wwwwww|,98,42.0,42.0,0.745
274,wwwwww|w..10w|w.w.ww|w..ABw|w....w|wwwwww|,98,up,??????|wwwwww|w..10w|w.wAww|w...Bw|w....w|,97,39.0,39.0,0.745
275,wwwwww|w..10w|w.w.ww|w..ABw|w....w|wwwwww|,98,down,w..10w|w.w.ww|w...Bw|w..A.w|wwwwww|??????|,101,56.0,56.0,0.745
276,w..10w|w.w.ww|w...Bw|w..A.w|wwwwww|??????|,101,down,w..10w|w.w.ww|w...Bw|w..A.w|wwwwww|??????|,101,42.0,42.0,0.625
277,w..10w|w.w.ww|w...Bw|w..A.w|wwwwww|??????|,101,nil,w..10w|w.w.ww|w...Bw|w..A.w|wwwwww|??????|,101,36.0,36.0,0.625
278,?wwwww|?w..10|?w.w.w|?w.A.B|?w....|?wwwww|,99,up,?wwwww|?w..10|?w.w.w|?w.A.B|?w....|?wwwww|,99,47.0,47.0,0.625
279,??wwww|??w..1|??w.w.|??wA..|??w...|??wwww|,103,nil,??wwww|??w..1|??w.w.|??wA..|??w...|??wwww|,103,50.0,50.0,0.3125
280,??wwww|??w..1|??w.w.|??wA..|??w...|??wwww|,103,up,??????|??wwww|??w..1|??wAw.|??w...|??w...|,104,57.0,57.0,0.4365
281,??????|??wwww|??w..1|??wAw.|??w...|??w...|,104,up,??????|??????|??wwww|??wA.1|??w.w.|??w...|,105,50.0,50.0,0.4365
282,??????|??????|??wwww|??wA.1|??w.w.|??w...|,105,down,??????|??wwww|??w..1|??wAw.|??w...|??w...|,104,31.0,31.0,0.4365
283,??????|??wwww|??w..1|??wAw.|??w...|??w...|,104,nil,??????|??wwww|??w..1|??wAw.|??w...|??w...|,104,35.0,35.0,0.3125
284,??????|??????|??wwww|??wA.1|??w.w.|??w...|,105,nil,??????|??????|??wwww|??wA.1|??w.w.|??w...|,105,23.0,23.0,0.3125
285,??????|??wwww|??w..1|??wAw.|??w...|??w...|,104,left,??????|??wwww|??w..1|??wAw.|??w...|??w...|,104,32.0,32.0,0.3125
286,??????|??wwww|??w..1|??wAw.|??w...|??w...|,104,down,??wwww|??w..1|??w.w.|??wA..|??w...|??wwww|,103,38.0,38.0,0.4365
287,??wwww|??w..1|??w.w.|??wA..|??w...|??wwww|,103,right,?wwwww|?w..10|?w.w.w|?w.A.B|?w....|?wwwww|,99,51.0,51.0,0.745
288,??????|??wwww|??w..1|??wAw.|??w...|??w...|,104,right,??????|??wwww|??w..1|??wAw.|??w...|??w...|,104,37.0,37.0,0.3125
289,wwwwww|w..10w|w.w.ww|w..ABw|w....w|wwwwww|,98,nil,wwwwww|w..10w|w.w.ww|w..ABw|w....w|wwwwww|,98,42.0,42.0,0.625
290,w..10w|w.w.ww|w...Bw|w..A.w|wwwwww|??????|,101,right,..10w?|.w.ww?|...Bw?|...Aw?|wwwww?|??????|,106,34.0,34.0,0.745
291,..10w?|.w.ww?|...Bw?|...Aw?|wwwww?|??????|,106,down,..10w?|.w.ww?|...Bw?|...Aw?|wwwww?|??????|,106,34.0,34.0,0.625
292,..10w?|.w.ww?|...Bw?|...Aw?|wwwww?|??????|,106,right,..10w?|.w.ww?|...Bw?|...Aw?|wwwww?|??????|,106,26.0,26.0,0.625
293,..10w?|.w.ww?|...Bw?|...Aw?|wwwww?|??????|,106,nil,..10w?|.w.ww?|...Bw?|...Aw?|wwwww?|??????|,106,41.0,41.0,0.625
294,..10w?|.w.ww?|...Bw?|...Aw?|wwwww?|??????|,106,left,w..10w|w.w.ww|w...Bw|w..A.w|wwwwww|??????|,101,34.0,34.0,0.745
295,..10w?|.w.ww?|...Bw?|...Aw?|wwwww?|??????|,106,up,..10w?|.w.ww?|...Bw?|...Aw?|wwwww?|??????|,106,42.0,42.0,0.625
296,??????|??????|??wwww|??wA.1|??w.w.|??w...|,105,right,??????|??????|?wwwww|?w.A10|?w.w.w|?w...B|,107,32.0,32.0,0.745
297,??????|??????|?wwwww|?w.A10|?w.w.w|?w...B|,107,nil,??????|??????|?wwwww|?w.A10|?w.w.w|?w...B|,107,15.0,15.0,0.625
298,??wwww|??w...|??w.w.|??wA1.|??w...|??wwww|,53,up,??????|??wwww|??w...|??wAw.|??w.1.|??w...|,108,6.0,6.0,0.4365
299,??????|??wwww|??w...|??wAw.|??w.1.|??w...|,108,nil,??????|??wwww|??w...|??wAw.|??w.1.|??w...|,108,10.0,10.0,0.3125
300,??????|??wwww|??w...|??wAw.|??w.1.|??w...|,108,down,??wwww|??w...|??w.w.|??wA1.|??w...|??wwww|,53,6.0,6.0,0.4365
301,??wwww|??w...|??w.w.|??wA1.|??w...|??wwww|,53,down,??w...|??w.w.|??w.1.|??wA..|??wwww|??????|,1,7.0,7.0,0.4365
302,??????|??????|?wwwww|?w.A10|?w.w.w|?w...B|,107,up,??????|??????|?wwwww|?w.A10|?w.w.w|?w...B|,107,11.0,11.0,0.625
303,??????|??????|?wwwww|?w.A10|?w.w.w|?w...B|,107,left,??????|??????|??wwww|??wA.1|??w.w.|??w...|,105,13.0,13.0,0.1865
304,??????|??????|??wwww|??wA.1|??w.w.|??w...|,105,up,??????|??????|??wwww|??wA.1|??w.w.|??w...|,105,17.0,17.0,0.3125
305,??????|??????|??wwww|??wA.1|??w.w.|??w...|,105,left,??????|??????|??wwww|??wA.1|??w.w.|??w...|,105,22.0,22.0,0.3125
306,??????|??????|?wwwww|?w.A10|?w.w.w|?w...B|,107,down,??????|??????|?wwwww|?w.A10|?w.w.w|?w...B|,107,17.0,17.0,0.625
307,??w...|??w.w.|??w..1|??wA..|??wwww|??????|,87,left,??w...|??w.w.|??w..1|??wA..|??wwww|??????|,87,5.0,5.0,0.3125
308,w...0w|w.w.ww|w.1.Bw|w..A.w|wwwwww|??????|,36,nil,w...0w|w.w.ww|w.1.Bw|w..A.w|wwwwww|??????|,36,10.0,10.0,0.625
309,...0w?|.w.ww?|.1.Bw?|...Aw?|wwwww?|??????|,37,left,w...0w|w.w.ww|w.1.Bw|w..A.w|wwwwww|??????|,36,8.0,8.0,0.7045970869120796
310,??????|??wwww|??w...|??wAw.|??w.1.|??w...|,108,right,??????|??wwww|??w...|??wAw.|??w.1.|??w...|,108,1.0,1.0,0.3125
311,??wwww|??w...|??w.w.|??wA1.|??w...|??wwww|,53,left,??wwww|??w...|??w.w.|??wA1.|??w...|??wwww|,53,6.0,6.0,0.3125
321,w...0w|w.w.ww|w.1.Bw|w..A.w|wwwwww|??????|,110,down,w...0w|w.w.ww|w.1.Bw|w..A.w|wwwwww|??????|,110,8.0,8.0,0.0
322,...0w?|.w.ww?|.1.Bw?|...Aw?|wwwww?|??????|,111,right,...0w?|.w.ww?|.1.Bw?|...Aw?|wwwww?|??????|,111,9.0,7.0,0.0
323,...0w?|.w.ww?|.1.Bw?|...Aw?|wwwww?|??????|,111,right,...0w?|.w.ww?|.1??w?|...Aw?|wwwww?|??????|,112,9.0,1.0,0.0
324,...0w?|.w.ww?|.1.Bw?|...Aw?|wwwww?|??????|,111,up,...0w?|.w.ww?|.1.Bw?|...Aw?|wwwww?|??????|,111,7.0,5.0,0.0
325,...0w?|.w.ww?|.1.Bw?|...Aw?|wwwww?|??????|,111,up,????w?|.?.?w?|.?.?w?|.?.Aw?|????w?|??????|,112,7.0,1.0,0.0
326,...0w?|.w.ww?|.1.Bw?|...Aw?|wwwww?|??????|,111,down,...0w?|.w.ww?|.1.Bw?|...Aw?|wwwww?|??????|,111,7.0,7.0,0.0
327,wwwwww|w...0w|w.w.ww|w.1ABw|w....w|wwwwww|,113,nothing,wwwwww|w...0w|w.w.ww|w.1ABw|w....w|wwwwww|,113,5.0,5.0,0.0
328,wwwwww|w...0w|w.w.ww|w.1ABw|w....w|wwwwww|,113,right,wwwwww|w...0w|w.w.ww|w.1ABw|w....w|wwwwww|,113,1.0,1.0,0.0
329,wwwwww|w...0w|w.w.ww|w.1ABw|w....w|wwwwww|,114,left,?wwwww|?w...0|?w.w.w|?w1A.B|?w....|?wwwww|,114,3.0,3.0,0.0
330,?wwwww|?w...0|?w.w.w|?w1A.B|?w....|?wwwww|,114,up,?wwwww|?w...0|?w.w.w|?w1A.B|?w....|?wwwww|,114,6.0,6.0,0.0
331,?wwwww|?w...0|?w.w.w|?w1A.B|?w....|?wwwww|,114,right,wwwwww|w...0w|w.w.ww|w1.ABw|w....w|wwwwww|,115,7.0,7.0,0.0
332,wwwwww|w...0w|w.w.ww|w1.ABw|w....w|wwwwww|,115,nothing,wwwwww|w...0w|w.w.ww|w1.ABw|w....w|wwwwww|,115,9.0,9.0,0.0
333,wwwwww|w...0w|w.w.ww|w1.ABw|w....w|wwwwww|,115,left,?wwwww|?w...0|?w.w.w|?w1A.B|?w....|?wwwww|,116,7.0,7.0,0.0
334,?wwwww|?w...0|?w.w.w|?w1A.B|?w....|?wwwww|,116,down,?w...0|?w.w.w|?w1..B|?w.A..|?wwwww|??????|,117,4.0,4.0,0.0
335,?w...0|?w.w.w|?w1..B|?w.A..|?wwwww|??????|,117,left,??w...|??w.w.|??w1..|??wA..|??wwww|??????|,118,3.0,3.0,0.0
336,??w...|??w.w.|??w1..|??wA..|??wwww|??????|,118,up,??wwww|??w...|??w1w.|??wA..|??w...|??wwww|,119,3.0,3.0,0.0
337,??wwww|??w...|??w1w.|??wA..|??w...|??wwww|,119,right,?wwwww|?w...0|?w1w.w|?w.A.B|?w....|?wwwww|,120,7.0,7.0,0.0
338,?wwwww|?w...0|?w1w.w|?w.A.B|?w....|?wwwww|,120,down,?w...0|?w1w.w|?w...B|?w.A..|?wwwww|??????|,121,8.0,8.0,0.0
339,?w...0|?w1w.w|?w...B|?w.A..|?wwwww|??????|,121,down,?w...0|?w1w.w|?w...B|?w.A..|?wwwww|??????|,121,4.0,4.0,0.0
340,?w...0|?w1w.w|?w...B|?w.A..|?wwwww|??????|,121,up,?wwwww|?w...0|?w1w.w|?w.A.B|?w....|?wwwww|,122,9.0,9.0,0.0
341,?wwwww|?w...0|?w1w.w|?w.A.B|?w....|?wwwww|,122,nothing,?wwwww|?w...0|?w1w.w|?w.A.B|?w....|?wwwww|,122,5.0,5.0,0.0
342,?wwwww|?w...0|?w1w.w|?w.A.B|?w....|?wwwww|,122,right,wwwwww|w...0w|w1w.ww|w..ABw|w....w|wwwwww|,123,7.0,7.0,0.0
343,wwwwww|w...0w|w1w.ww|w..ABw|w....w|wwwwww|,123,down,w...0w|w1w.ww|w...Bw|w..A.w|wwwwww|??????|,124,6.0,6.0,0.0
344,w...0w|w1w.ww|w...Bw|w..A.w|wwwwww|??????|,124,right,...0w?|1w.ww?|...Bw?|...Aw?|wwwww?|??????|,125,2.0,2.0,0.0
345,...0w?|1w.ww?|...Bw?|...Aw?|wwwww?|??????|,125,left,w...0w|w1w.ww|w...Bw|w..A.w|wwwwww|??????|,126,2.0,2.0,0.0
346,w...0w|w1w.ww|w...Bw|w..A.w|wwwwww|??????|,126,nothing,w...0w|w1w.ww|w...Bw|w..A.w|wwwwww|??????|,126,6.0,6.0,0.0
347,w...0w|w1w.ww|w...Bw|w..A.w|wwwwww|??????|,126,down,w...0w|w1w.ww|w...Bw|w..A.w|wwwwww|??????|,126,3.0,3.0,0.0
348,w...0w|w1w.ww|w...Bw|w..A.w|wwwwww|??????|,126,left,?w...0|?w1w.w|?w...B|?w.A..|?wwwww|??????|,127,7.0,7.0,0.0
349,?w...0|?w1w.w|?w...B|?w.A..|?wwwww|??????|,127,left,??w...|??w1w.|??w...|??wA..|??wwww|??????|,128,3.0,3.0,0.0
350,??w...|??w1w.|??w...|??wA..|??wwww|??????|,128,right,?w...0|?w1w.w|?w...B|?w.A..|?wwwww|??????|,129,2.0,2.0,0.0
351,?w...0|?w1w.w|?w...B|?w.A..|?wwwww|??????|,129,nothing,?w...0|?w1w.w|?w...B|?w.A..|?wwwww|??????|,129,6.0,6.0,0.0
352,?w...0|?w1w.w|?w...B|?w.A..|?wwwww|??????|,129,right,w...0w|w1w.ww|w...Bw|w..A.w|wwwwww|??????|,130,5.0,5.0,0.0
353,w...0w|w1w.ww|w...Bw|w..A.w|wwwwww|??????|,130,up,wwwwww|w...0w|w1w.ww|w..ABw|w....w|wwwwww|,131,4.0,4.0,0.0
354,wwwwww|w...0w|w1w.ww|w..ABw|w....w|wwwwww|,131,left,?wwwww|?w...0|?w1w.w|?w.A.B|?w....|?wwwww|,132,5.0,5.0,0.0
355,?wwwww|?w...0|?w1w.w|?w.A.B|?w....|?wwwww|,132,up,?wwwww|?w...0|?w1w.w|?w.A.B|?w....|?wwwww|,132,9.0,9.0,0.0
356,?wwwww|?w...0|?w1w.w|?w.A.B|?w....|?wwwww|,132,left,??wwww|??w...|??w1w.|??wA..|??w...|??wwww|,133,6.0,6.0,0.0
357,??wwww|??w...|??w1w.|??wA..|??w...|??wwww|,133,up,??????|??wwww|??w1..|??wAw.|??w...|??w...|,134,3.0,3.0,0.0
358,??????|??wwww|??w1..|??wAw.|??w...|??w...|,134,left,??????|??wwww|??w1..|??wAw.|??w...|??w...|,134,25.0,25.0,0.0
359,??????|??wwww|??w1..|??wAw.|??w...|??w...|,134,nothing,??????|??wwww|??w1..|??wAw.|??w...|??w...|,134,1262.0,1262.0,0.0
360,??????|??wwww|??w1..|??wAw.|??w...|??w...|,134,down,??wwww|??w1..|??w.w.|??wA..|??w...|??wwww|,135,30.0,30.0,0.0
361,??wwww|??w1..|??w.w.|??wA..|??w...|??wwww|,135,right,?wwwww|?w1..0|?w.w.w|?w.A.B|?w....|?wwwww|,136,31.0,31.0,0.0
362,?wwwww|?w1..0|?w.w.w|?w.A.B|?w....|?wwwww|,136,left,??wwww|??w1..|??w.w.|??wA..|??w...|??wwww|,137,34.0,34.0,0.0
363,??wwww|??w1..|??w.w.|??wA..|??w...|??wwww|,137,nothing,??wwww|??w1..|??w.w.|??wA..|??w...|??wwww|,137,26.0,26.0,0.0
364,??wwww|??w1..|??w.w.|??wA..|??w...|??wwww|,137,down,??w1..|??w.w.|??w...|??wA..|??wwww|??????|,138,31.0,31.0,0.0
365,??w1..|??w.w.|??w...|??wA..|??wwww|??????|,138,right,?w1..0|?w.w.w|?w...B|?w.A..|?wwwww|??????|,139,32.0,32.0,0.0
366,?w1..0|?w.w.w|?w...B|?w.A..|?wwwww|??????|,139,left,??w1..|??w.w.|??w...|??wA..|??wwww|??????|,140,28.0,28.0,0.0
367,??w1..|??w.w.|??w...|??wA..|??wwww|??????|,140,left,??w1..|??w.w.|??w...|??wA..|??wwww|??????|,140,36.0,36.0,0.0
368,??w1..|??w.w.|??w...|??wA..|??wwww|??????|,140,up,??wwww|??w1..|??w.w.|??wA..|??w...|??wwww|,141,26.0,26.0,0.0
369,??wwww|??w1..|??w.w.|??wA..|??w...|??wwww|,141,up,??????|??wwww|??w1..|??wAw.|??w...|??w...|,142,28.0,28.0,0.0
370,??????|??wwww|??w1..|??wAw.|??w...|??w...|,142,up,??????|??wwww|??w1..|??wAw.|??w...|??w...|,142,34.0,34.0,0.0
371,??????|??wwww|??w1..|??wAw.|??w...|??w...|,142,right,??????|??wwww|??w1..|??wAw.|??w...|??w...|,142,27.0,27.0,0.0
372,w...0w|w.w.ww|w..1Bw|w..A.w|wwwwww|??????|,143,nothing,w...0w|w.w.ww|w..1Bw|w..A.w|wwwwww|??????|,143,2.0,2.0,0.0
373,?wwwww|?w...0|?w.w.w|?w1A.B|?w....|?wwwww|,144,left,?wwwww|?w...0|?w.w.w|?w1A.B|?w....|?wwwww|,144,3.0,3.0,0.0
374,?w...0|?w.w.w|?w1..B|?w.A..|?wwwww|??????|,145,right,w...0w|w.w.ww|w1..Bw|w..A.w|wwwwww|??????|,145,4.0,4.0,0.0
375,w...0w|w.w.ww|w1..Bw|w..A.w|wwwwww|??????|,145,down,w...0w|w.w.ww|w1..Bw|w..A.w|wwwwww|??????|,145,3.0,3.0,0.0
376,w...0w|w.w.ww|w1..Bw|w..A.w|wwwwww|??????|,145,up,wwwwww|w...0w|w.w.ww|w1.ABw|w....w|wwwwww|,146,7.0,7.0,0.0
377,wwwwww|w...0w|w.w.ww|w1.ABw|w....w|wwwwww|,147,down,w...0w|w.w.ww|w1..Bw|w..A.w|wwwwww|??????|,147,7.0,7.0,0.0
378,w...0w|w.w.ww|w1..Bw|w..A.w|wwwwww|??????|,147,right,...0w?|.w.ww?|1..Bw?|...Aw?|wwwww?|??????|,148,3.0,3.0,0.0
379,...0w?|.w.ww?|1..Bw?|...Aw?|wwwww?|??????|,148,down,...0w?|.w.ww?|1..Bw?|...Aw?|wwwww?|??????|,148,2.0,2.0,0.0
380,...0w?|.w.ww?|1..Bw?|...Aw?|wwwww?|??????|,148,left,w...0w|w.w.ww|w1..Bw|w..A.w|wwwwww|??????|,149,5.0,3.0,0.0
381,...0w?|.w.ww?|1..Bw?|...Aw?|wwwww?|??????|,148,left,w...0w|w.w.ww|w1.??w|w..A.w|wwwwww|??????|,150,5.0,1.0,0.0
382,w...0w|w.w.ww|w1..Bw|w..A.w|wwwwww|??????|,149,nothing,w...0w|w.w.ww|w1..Bw|w..A.w|wwwwww|??????|,149,10.0,10.0,0.0
383,w...0w|w.w.ww|w1..Bw|w..A.w|wwwwww|??????|,149,left,?w...0|?w.w.w|?w1..B|?w.A..|?wwwww|??????|,151,4.0,4.0,0.0
384,?w...0|?w.w.w|?w1..B|?w.A..|?wwwww|??????|,151,down,?w...0|?w.w.w|?w1..B|?w.A..|?wwwww|??????|,151,2.0,2.0,0.0
385,?w...0|?w.w.w|?w1..B|?w.A..|?wwwww|??????|,151,nothing,?w...0|?w.w.w|?w1..B|?w.A..|?wwwww|??????|,151,8.0,8.0,0.0
386,??w...|??w1w.|??w...|??wA..|??wwww|??????|,152,up,??wwww|??w...|??w1w.|??wA..|??w...|??wwww|,152,2.0,2.0,0.0
387,??wwww|??w...|??w1w.|??wA..|??w...|??wwww|,152,left,??wwww|??w...|??w1w.|??wA..|??w...|??wwww|,152,5.0,5.0,0.0
388,?wwwww|?w1..0|?w.w.w|?w.A.B|?w....|?wwwww|,153,up,?wwwww|?w1..0|?w.w.w|?w.A.B|?w....|?wwwww|,153,20.0,20.0,0.0
389,?wwwww|?w1..0|?w.w.w|?w.A.B|?w....|?wwwww|,154,nothing,?wwwww|?w1..0|?w.w.w|?w.A.B|?w....|?wwwww|,154,18.0,18.0,0.0
390,?wwwww|?w1..0|?w.w.w|?w.A.B|?w....|?wwwww|,154,right,wwwwww|w1..0w|w.w.ww|w..ABw|w....w|wwwwww|,155,16.0,16.0,0.0
391,wwwwww|w1..0w|w.w.ww|w..ABw|w....w|wwwwww|,155,left,?wwwww|?w1..0|?w.w.w|?w.A.B|?w....|?wwwww|,156,18.0,18.0,0.0
392,??w1..|??w.w.|??w...|??wA..|??wwww|??????|,157,nothing,??w1..|??w.w.|??w...|??wA..|??wwww|??????|,157,14.0,14.0,0.0
393,??w1..|??w.w.|??w...|??wA..|??wwww|??????|,157,down,??w1..|??w.w.|??w...|??wA..|??wwww|??????|,157,15.0,15.0,0.0
394,?w1..0|?w.w.w|?w...B|?w.A..|?wwwww|??????|,158,right,w1..0w|w.w.ww|w...Bw|w..A.w|wwwwww|??????|,158,20.0,20.0,0.0
395,w1..0w|w.w.ww|w...Bw|w..A.w|wwwwww|??????|,158,up,wwwwww|w1..0w|w.w.ww|w..ABw|w....w|wwwwww|,159,16.0,16.0,0.0
396,wwwwww|w1..0w|w.w.ww|w..ABw|w....w|wwwwww|,159,right,wwwwww|w1..0w|w.w.ww|w..ABw|w....w|wwwwww|,159,12.0,12.0,0.0
397,wwwwww|w1..0w|w.w.ww|w..ABw|w....w|wwwwww|,159,down,w1..0w|w.w.ww|w...Bw|w..A.w|wwwwww|??????|,160,14.0,14.0,0.0
398,w1..0w|w.w.ww|w...Bw|w..A.w|wwwwww|??????|,160,left,?w1..0|?w.w.w|?w...B|?w.A..|?wwwww|??????|,161,18.0,18.0,0.0
399,?w1..0|?w.w.w|?w...B|?w.A..|?wwwww|??????|,162,down,?w1..0|?w.w.w|?w...B|?w.A..|?wwwww|??????|,162,21.0,21.0,0.0
400,?w1..0|?w.w.w|?w...B|?w.A..|?wwwww|??????|,162,up,?wwwww|?w1..0|?w.w.w|?w.A.B|?w....|?wwwww|,163,15.0,15.0,0.0
401,?wwwww|?w1..0|?w.w.w|?w.A.B|?w....|?wwwww|,163,down,?w1..0|?w.w.w|?w...B|?w.A..|?wwwww|??????|,164,14.0,14.0,0.0
402,?w1..0|?w.w.w|?w...B|?w.A..|?wwwww|??????|,164,nothing,?w1..0|?w.w.w|?w...B|?w.A..|?wwwww|??????|,164,22.0,22.0,0.0
403,??wwww|??w1..|??w.w.|??wA..|??w...|??wwww|,165,left,??wwww|??w1..|??w.w.|??wA..|??w...|??wwww|,165,21.0,21.0,0.0
404,?w...0|?w.w.w|?w...1|?w.A..|?wwwww|??????|,166,up,?wwwww|?w...0|?w.w.w|?w.A.1|?w....|?wwwww|,166,1.0,1.0,0.0
405,??w...|??w.w.|??w...|??wA..|??wwww|??????|,167,left,??w...|??w.w.|??w...|??wA..|??wwww|??????|,167,1.0,1.0,0.0
406,??????|??????|??wwww|??wA..|??w.w.|??w...|,79,nothing,??????|??????|??wwww|??wA..|??w.w.|??w...|,79,4.0,4.0,0.0
407,??????|??????|wwwww?|...Yw?|.w.ww?|...1w?|,168,up,??????|??????|wwwww?|...Yw?|.w.ww?|...1w?|,168,11.0,11.0,0.0
408,??????|??????|wwwwww|w..A0w|w.w.ww|w...1w|,169,nothing,??????|??????|wwwwww|w..A0w|w.w.ww|w...1w|,169,1.0,1.0,0.0
409,??????|??????|wwwwww|w..A0w|w.w.ww|w...1w|,170,down,??????|wwwwww|w...0w|w.wAww|w...1w|w....w|,170,6.0,6.0,0.0
410,??????|wwwwww|w...0w|w.wAww|w...1w|w....w|,171,nothing,??????|wwwwww|w...0w|w.wAww|w...1w|w....w|,171,5.0,5.0,0.0
411,??w...|??w.w.|??w...|??wA..|??wwww|??????|,172,right,?w...0|?w.w.w|?w...1|?w.A..|?wwwww|??????|,172,1.0,1.0,0.0
412,wwwwww|w...0w|w.w.ww|w.1ABw|w....w|wwwwww|,173,up,??????|wwwwww|w...0w|w.wAww|w.1.Bw|w....w|,173,1.0,1.0,0.0
413,??????|wwwwww|w...0w|w.wAww|w.1.Bw|w....w|,173,up,??????|??????|wwwwww|w..A0w|w.w.ww|w.1.Bw|,174,1.0,1.0,0.0
414,??????|??????|wwwwww|w..A0w|w.w.ww|w.1.Bw|,174,up,??????|??????|wwwwww|w..A0w|w.w.ww|w.1.Bw|,174,1.0,1.0,0.0
415,??????|??????|wwwwww|w..A0w|w.w.ww|w.1.Bw|,174,right,??????|??????|wwwww?|...Yw?|.w.ww?|.1.Bw?|,175,1.0,1.0,0.0
416,??????|??????|wwwww?|...Yw?|.w.ww?|.1.Bw?|,175,left,??????|??????|wwwwww|w..A0w|w.w.ww|w.1.Bw|,176,1.0,1.0,0.0
417,??????|??????|wwwwww|w..A0w|w.w.ww|w.1.Bw|,176,nothing,??????|??????|wwwwww|w..A0w|w.w.ww|w.1.Bw|,176,1.0,1.0,0.0
418,??????|??????|wwwwww|w..A0w|w.w.ww|w.1.Bw|,176,left,??????|??????|?wwwww|?w.A.0|?w.w.w|?w.1.B|,177,1.0,1.0,0.0
419,??????|??????|?wwwww|?w.A.0|?w.w.w|?w.1.B|,177,nothing,??????|??????|?wwwww|?w.A.0|?w.w.w|?w.1.B|,177,1.0,1.0,0.0
420,??????|??????|?wwwww|?w.A.0|?w.w.w|?w.1.B|,177,down,??????|??????|?wwwww|?w.A.0|?w.w.w|?w.1.B|,177,1.0,1.0,0.0
421,??????|??????|?wwwww|?w.A.0|?w.w.w|?w.1.B|,177,left,??????|??????|??wwww|??wA..|??w.w.|??w.1.|,178,1.0,1.0,0.0
422,??????|??????|??wwww|??wA..|??w.w.|??w.1.|,178,right,??????|??????|?wwwww|?w.A.0|?w.w.w|?w.1.B|,179,1.0,1.0,0.0
423,??????|??????|?wwwww|?w.A.0|?w.w.w|?w.1.B|,179,up,??????|??????|?wwwww|?w.A.0|?w.w.w|?w.1.B|,179,1.0,1.0,0.0
424,??????|??????|?wwwww|?w.A.0|?w.w.w|?w.1.B|,179,right,??????|??????|wwwwww|w..A0w|w.w.ww|w.1.Bw|,180,1.0,1.0,0.0
425,??????|??????|wwwwww|w..A0w|w.w.ww|w.1.Bw|,180,down,??????|wwwwww|w...0w|w.wAww|w.1.Bw|w....w|,181,1.0,1.0,0.0
426,??????|wwwwww|w...0w|w.wAww|w.1.Bw|w....w|,181,right,??????|wwwwww|w...0w|w.wAww|w.1.Bw|w....w|,181,1.0,1.0,0.0
427,??????|wwwwww|w...0w|w.wAww|w.1.Bw|w....w|,181,down,wwwwww|w...0w|w.w.ww|w.1ABw|w....w|wwwwww|,182,1.0,1.0,0.0
428,?w...0|?w.w.w|?w1..B|?w.A..|?wwwww|??????|,183,up,?wwwww|?w...0|?w.w.w|?w1A.B|?w....|?wwwww|,183,1.0,1.0,0.0
429,wwwwww|w...0w|w.w.ww|w1.ABw|w....w|wwwwww|,184,up,??????|wwwwww|w...0w|w.wAww|w1..Bw|w....w|,184,1.0,1.0,0.0
430,??????|wwwwww|w...0w|w.wAww|w1..Bw|w....w|,184,down,wwwwww|w...0w|w.w.ww|w1.ABw|w....w|wwwwww|,185,1.0,1.0,0.0
431,wwwwww|w...0w|w.w.ww|w1.ABw|w....w|wwwwww|,186,right,wwwwww|w...0w|w.w.ww|w1.ABw|w....w|wwwwww|,186,1.0,1.0,0.0
432,?wwwww|?w...0|?w.w.w|?w1A.B|?w....|?wwwww|,187,nothing,?wwwww|?w...0|?w.w.w|?w1A.B|?w....|?wwwww|,187,1.0,1.0,0.0
433,wwwwww|w...0w|w1w.ww|w..ABw|w....w|wwwwww|,188,nothing,wwwwww|w...0w|w1w.ww|w..ABw|w....w|wwwwww|,188,1.0,1.0,0.0
434,wwwwww|w...0w|w1w.ww|w..ABw|w....w|wwwwww|,188,up,??????|wwwwww|w...0w|w1wAww|w...Bw|w....w|,189,1.0,1.0,0.0
435,??????|wwwwww|w...0w|w1wAww|w...Bw|w....w|,189,left,??????|wwwwww|w...0w|w1wAww|w...Bw|w....w|,189,1.0,1.0,0.0
436,??????|wwwwww|w...0w|w1wAww|w...Bw|w....w|,189,down,wwwwww|w...0w|w1w.ww|w..ABw|w....w|wwwwww|,190,1.0,1.0,0.0
437,wwwwww|w...0w|w1w.ww|w..ABw|w....w|wwwwww|,191,right,wwwwww|w...0w|w1w.ww|w..ABw|w....w|wwwwww|,191,1.0,1.0,0.0
438,??wwww|??w...|??w1w.|??wA..|??w...|??wwww|,192,down,??w...|??w1w.|??w...|??wA..|??wwww|??????|,192,1.0,1.0,0.0
439,...0w?|1w.ww?|...Bw?|...Aw?|wwwww?|??????|,193,nothing,...0w?|1w.ww?|...Bw?|...Aw?|wwwww?|??????|,193,1.0,1.0,0.0
440,??wwww|??w...|??w1w.|??wA..|??w...|??wwww|,194,nothing,??wwww|??w...|??w1w.|??wA..|??w...|??wwww|,194,1.0,1.0,0.0
441,wwwwww|w1..0w|w.w.ww|w..ABw|w....w|wwwwww|,195,nothing,wwwwww|w1..0w|w.w.ww|w..ABw|w....w|wwwwww|,195,1.0,1.0,0.0
442,wwwwww|w1..0w|w.w.ww|w..ABw|w....w|wwwwww|,195,up,??????|wwwwww|w1..0w|w.wAww|w...Bw|w....w|,196,1.0,1.0,0.0
443,??????|wwwwww|w1..0w|w.wAww|w...Bw|w....w|,196,right,??????|wwwwww|w1..0w|w.wAww|w...Bw|w....w|,196,1.0,1.0,0.0
444,??????|wwwwww|w1..0w|w.wAww|w...Bw|w....w|,196,nothing,??????|wwwwww|w1..0w|w.wAww|w...Bw|w....w|,196,1.0,1.0,0.0
445,??????|wwwwww|w1..0w|w.wAww|w...Bw|w....w|,196,down,wwwwww|w1..0w|w.w.ww|w..ABw|w....w|wwwwww|,197,1.0,1.0,0.0
446,w1..0w|w.w.ww|w...Bw|w..A.w|wwwwww|??????|,198,right,1..0w?|.w.ww?|...Bw?|...Aw?|wwwww?|??????|,198,1.0,1.0,0.0
447,1..0w?|.w.ww?|...Bw?|...Aw?|wwwww?|??????|,198,left,w1..0w|w.w.ww|w...Bw|w..A.w|wwwwww|??????|,199,1.0,1.0,0.0
448,w1..0w|w.w.ww|w...Bw|w..A.w|wwwwww|??????|,199,nothing,w1..0w|w.w.ww|w...Bw|w..A.w|wwwwww|??????|,199,1.0,1.0,0.0
449,w1..0w|w.w.ww|w...Bw|w..A.w|wwwwww|??????|,200,down,w1..0w|w.w.ww|w...Bw|w..A.w|wwwwww|??????|,200,1.0,1.0,0.0
