1,??w...|??w.w.|??w.1.|??wA..|??wwww|??????|,1,left,??w...|??w.w.|??w.1.|??wA..|??wwww|??????|,1,8.0,8.0,0.3125
2,??w...|??w.w.|??w.1.|??wA..|??wwww|??????|,1,nil,??w...|??w.w.|??w.1B|??wA..|??wwww|??????|,2,223.0,2.0,0.3125
3,??w...|??w.w.|??w.1B|??wA..|??wwww|??????|,2,right,?w...0|?w.w.w|?w.1.B|?w.A..|?wwwww|??????|,3,2.0,2.0,0.7045970869120796
4,?w...0|?w.w.w|?w.1.B|?w.A..|?wwwww|??????|,3,down,?w...0|?w.w.w|?w.1B.|?w.A..|?wwwww|??????|,4,4.0,1.0,0.625
5,?w...0|?w.w.w|?w.1B.|?w.A..|?wwwww|??????|,4,up,?w...0|?w.w.w|?w.1B.|?w.A..|?wwwww|??????|,4,1.0,1.0,0.625
6,?w...0|?w.w.w|?w.1B.|?w.A..|?wwwww|??????|,4,left,??w...|??w.w.|??w1B.|??wA..|??wwww|??????|,5,1.0,1.0,0.1865
7,??w...|??w.w.|??w1B.|??wA..|??wwww|??????|,5,down,??w...|??w.w.|??w1B.|??wA..|??wwww|??????|,5,1.0,1.0,0.3125
8,??w...|??w.w.|??w1B.|??wA..|??wwww|??????|,5,nil,??w...|??w.w.|??w1B.|??wA..|??wwww|??????|,5,1.0,1.0,0.3125
9,??w...|??w.w.|??w1B.|??wA..|??wwww|??????|,5,up,??wwww|??w...|??w1w.|??wAB.|??w...|??wwww|,6,1.0,1.0,0.4275
10,??wwww|??w...|??w1w.|??wAB.|??w...|??wwww|,6,down,??w...|??w1w.|??w...|??wAB.|??wwww|??????|,7,1.0,1.0,0.4365
11,??w...|??w1w.|??w...|??wAB.|??wwww|??????|,7,left,??w...|??w1w.|??w...|??wAB.|??wwww|??????|,7,1.0,1.0,0.3125
12,??w...|??w1w.|??w...|??wAB.|??wwww|??????|,7,right,?w...0|?w1w.w|?w....|?w.AB.|?wwwww|??????|,8,1.0,1.0,0.7022642353760523
13,?w...0|?w1w.w|?w....|?w.AB.|?wwwww|??????|,8,right,w...0w|w1w.ww|w....w|w..ABw|wwwwww|??????|,9,1.0,1.0,0.7022642353760523
14,w...0w|w1w.ww|w....w|w..ABw|wwwwww|??????|,9,up,wwwwww|w...0w|w1w.ww|w..A.w|w..B.w|wwwwww|,10,1.0,1.0,0.7022642353760523
15,wwwwww|w...0w|w1w.ww|w..A.w|w..B.w|wwwwww|,10,down,w...0w|w1w.ww|w....w|w.BA.w|wwwwww|??????|,11,1.0,1.0,0.7022642353760523
16,w...0w|w1w.ww|w....w|w.BA.w|wwwwww|??????|,11,right,...0w?|1w.ww?|....w?|.B.Aw?|wwwww?|??????|,12,1.0,1.0,0.7022642353760523
17,...0w?|1w.ww?|....w?|.B.Aw?|wwwww?|??????|,12,down,...0w?|1w.ww?|....w?|B..Aw?|wwwww?|??????|,13,1.0,1.0,0.625
18,...0w?|1w.ww?|....w?|B..Aw?|wwwww?|??????|,13,up,wwwww?|...0w?|1w.ww?|B..Aw?|....w?|wwwww?|,14,1.0,1.0,0.7022642353760523
19,wwwww?|...0w?|1w.ww?|B..Aw?|....w?|wwwww?|,14,down,...0w?|1w.ww?|....w?|B..Aw?|wwwww?|??????|,13,1.0,1.0,0.7022642353760523
20,...0w?|1w.ww?|....w?|B..Aw?|wwwww?|??????|,13,down,...0w?|1w.ww?|....w?|B..Aw?|wwwww?|??????|,13,1.0,1.0,0.625
21,...0w?|1w.ww?|....w?|B..Aw?|wwwww?|??????|,13,left,w...0w|w1w.ww|wB...w|w..A.w|wwwwww|??????|,15,1.0,1.0,0.7022642353760523
22,w...0w|w1w.ww|wB...w|w..A.w|wwwwww|??????|,15,down,w...0w|w1w.ww|wB...w|w..A.w|wwwwww|??????|,15,1.0,1.0,0.625
23,w...0w|w1w.ww|wB...w|w..A.w|wwwwww|??????|,15,nil,w...0w|w1w.ww|wB...w|w..A.w|wwwwww|??????|,15,1.0,1.0,0.625
24,w...0w|w1w.ww|wB...w|w..A.w|wwwwww|??????|,15,left,?w...0|?w1w.w|?wB...|?w.A..|?wwwww|??????|,16,1.0,1.0,0.7022642353760523
25,?w...0|?w1w.w|?wB...|?w.A..|?wwwww|??????|,16,left,?w...0|?w1w.w|?w....|?wBA..|?wwwww|??????|,17,1.0,1.0,0.625
26,?w...0|?w1w.w|?w....|?wBA..|?wwwww|??????|,17,nil,?w...0|?w1w.w|?w....|?wBA..|?wwwww|??????|,17,1.0,1.0,0.625
27,?w...0|?w1w.w|?w....|?wBA..|?wwwww|??????|,17,up,?wwwww|?w...0|?w1w.w|?wBA..|?w....|?wwwww|,18,1.0,1.0,0.7022642353760523
28,?wwwww|?w...0|?w1w.w|?wBA..|?w....|?wwwww|,18,right,wwwwww|w...0w|w1w.ww|w.BA.w|w....w|wwwwww|,19,1.0,1.0,0.7022642353760523
29,wwwwww|w...0w|w1w.ww|w.BA.w|w....w|wwwwww|,19,down,w...0w|w1w.ww|w.B..w|w..A.w|wwwwww|??????|,20,2.0,2.0,0.7022642353760523
30,w...0w|w1w.ww|w.B..w|w..A.w|wwwwww|??????|,20,up,wwwwww|w...0w|w1w.ww|w.BA.w|w....w|wwwwww|,19,1.0,1.0,0.7022642353760523
31,wwwwww|w...0w|w1w.ww|w.BA.w|w....w|wwwwww|,19,up,??????|wwwwww|w...0w|w1wAww|wB...w|w....w|,21,1.0,1.0,0.7022642353760523
32,??????|wwwwww|w...0w|w1wAww|wB...w|w....w|,21,down,wwwwww|w...0w|w1w.ww|w.BA.w|w....w|wwwwww|,19,1.0,1.0,0.7022642353760523
33,w...0w|w1w.ww|w.B..w|w..A.w|wwwwww|??????|,20,right,...0w?|1w.ww?|.B..w?|...Aw?|wwwww?|??????|,22,1.0,1.0,0.7022642353760523
34,...0w?|1w.ww?|.B..w?|...Aw?|wwwww?|??????|,22,up,wwwww?|...0w?|1w.ww?|.B.Aw?|....w?|wwwww?|,23,1.0,1.0,0.7022642353760523
35,wwwww?|...0w?|1w.ww?|.B.Aw?|....w?|wwwww?|,23,up,wwwww?|...0w?|1w.ww?|..BAw?|....w?|wwwww?|,24,1.0,1.0,0.625
36,wwwww?|...0w?|1w.ww?|..BAw?|....w?|wwwww?|,24,right,wwwww?|...0w?|1w.ww?|...Aw?|..B.w?|wwwww?|,25,1.0,1.0,0.625
37,wwwww?|...0w?|1w.ww?|...Aw?|..B.w?|wwwww?|,25,right,wwwww?|...0w?|1w.ww?|...Aw?|.B..w?|wwwww?|,26,1.0,1.0,0.625
38,wwwww?|...0w?|1w.ww?|...Aw?|.B..w?|wwwww?|,26,up,wwwww?|...0w?|1w.ww?|.B.Aw?|....w?|wwwww?|,23,2.0,1.0,0.625
39,wwwww?|...0w?|1w.ww?|.B.Aw?|....w?|wwwww?|,23,right,wwwww?|...0w?|1w.ww?|...Aw?|.B..w?|wwwww?|,26,1.0,1.0,0.625
40,wwwww?|...0w?|1w.ww?|...Aw?|.B..w?|wwwww?|,26,up,wwwww?|...0w?|1w.ww?|...Aw?|B...w?|wwwww?|,27,2.0,1.0,0.625
41,wwwww?|...0w?|1w.ww?|...Aw?|B...w?|wwwww?|,27,left,wwwwww|w...0w|w1w.ww|w..A.w|wB...w|wwwwww|,28,1.0,1.0,0.7022642353760523
42,wwwwww|w...0w|w1w.ww|w..A.w|wB...w|wwwwww|,28,left,?wwwww|?w...0|?w1w.w|?w.A..|?w.B..|?wwwww|,29,2.0,1.0,0.7022642353760523
43,?wwwww|?w...0|?w1w.w|?w.A..|?w.B..|?wwwww|,29,right,wwwwww|w...0w|w1w.ww|w..A.w|w.B..w|wwwwww|,30,2.0,2.0,0.7022642353760523
44,wwwwww|w...0w|w1w.ww|w..A.w|w.B..w|wwwwww|,30,left,?wwwww|?w...0|?w1w.w|?w.A..|?w.B..|?wwwww|,29,1.0,1.0,0.7022642353760523
45,?wwwww|?w...0|?w1w.w|?w.A..|?w.B..|?wwwww|,29,up,?wwwww|?w...0|?w1w.w|?w.A..|?w.B..|?wwwww|,29,2.0,2.0,0.625
46,wwwwww|w...0w|w1w.ww|w..A.w|w.B..w|wwwwww|,30,nil,wwwwww|w...0w|w1w.ww|w..A.w|wB...w|wwwwww|,28,1.0,1.0,0.625
47,wwwwww|w...0w|w1w.ww|w..A.w|wB...w|wwwwww|,28,left,?wwwww|?w...0|?w1w.w|?wBA..|?w....|?wwwww|,18,2.0,1.0,0.7022642353760523
48,?wwwww|?w...0|?w1w.w|?wBA..|?w....|?wwwww|,18,nil,?wwwww|?w...0|?w1w.w|?wBA..|?w....|?wwwww|,18,1.0,1.0,0.625
49,?wwwww|?w...0|?w1w.w|?wBA..|?w....|?wwwww|,18,up,?wwwww|?w1..0|?wBw.w|?w.A..|?w....|?wwwww|,31,1.0,1.0,0.625
50,?wwwww|?w1..0|?wBw.w|?w.A..|?w....|?wwwww|,31,down,?w1..0|?wBw.w|?w....|?w.A..|?wwwww|??????|,32,2.0,1.0,0.7033333333333334
51,?w1..0|?wBw.w|?w....|?w.A..|?wwwww|??????|,32,nil,?w1..0|?wBw.w|?w....|?w.A..|?wwwww|??????|,32,1.0,1.0,0.625
52,?w1..0|?wBw.w|?w....|?w.A..|?wwwww|??????|,32,up,?wwwww|?w1..0|?w.w.w|?wBA..|?w....|?wwwww|,33,1.0,1.0,0.7033333333333334
53,?wwwww|?w1..0|?w.w.w|?wBA..|?w....|?wwwww|,33,nil,?wwwww|?w1..0|?wBw.w|?w.A..|?w....|?wwwww|,31,1.0,1.0,0.625
54,?wwwww|?w1..0|?wBw.w|?w.A..|?w....|?wwwww|,31,down,?wwwww|?w1..0|?wBw.w|?w.A..|?w....|?wwwww|,31,2.0,1.0,0.625
55,?wwwww|?w1..0|?wBw.w|?w.A..|?w....|?wwwww|,31,up,?wwwww|?w1..0|?wBw.w|?w.A..|?w....|?wwwww|,31,1.0,1.0,0.625
56,??w...|??w.w.|??w.1.|??wA..|??wwww|??????|,1,nil,??w...|??w.w.|??w.1.|??wA..|??wwww|??????|,1,223.0,221.0,0.3125
57,?w...0|?w.w.w|?w.1.B|?w.A..|?wwwww|??????|,3,right,w...0w|w.w.ww|w.1..w|w..ABw|wwwwww|??????|,34,5.0,1.0,0.7045970869120796
58,w...0w|w.w.ww|w.1..w|w..ABw|wwwwww|??????|,34,left,?w...0|?w.w.w|?w.1..|?w.A.B|?wwwww|??????|,35,1.0,1.0,0.7045970869120796
59,?w...0|?w.w.w|?w.1..|?w.A.B|?wwwww|??????|,35,right,w...0w|w.w.ww|w.1.Bw|w..A.w|wwwwww|??????|,36,1.0,1.0,0.7045970869120796
60,w...0w|w.w.ww|w.1.Bw|w..A.w|wwwwww|??????|,36,right,...0w?|.w.ww?|.1.Bw?|...Aw?|wwwww?|??????|,37,2.0,2.0,0.7045970869120796
61,...0w?|.w.ww?|.1.Bw?|...Aw?|wwwww?|??????|,37,up,wwwww?|...0w?|.w.ww?|.1.Aw?|...Bw?|wwwww?|,38,1.0,1.0,0.7045970869120796
62,wwwww?|...0w?|.w.ww?|.1.Aw?|...Bw?|wwwww?|,38,down,...0w?|.w.ww?|.1.Bw?|...Aw?|wwwww?|??????|,37,1.0,1.0,0.7045970869120796
63,...0w?|.w.ww?|.1.Bw?|...Aw?|wwwww?|??????|,37,nil,...0w?|.w.ww?|.1.Bw?|...Aw?|wwwww?|??????|,37,4.0,3.0,0.625
64,...0w?|.w.ww?|.1.Bw?|...Aw?|wwwww?|??????|,37,right,...0w?|.w.ww?|.1B.w?|...Aw?|wwwww?|??????|,39,1.0,1.0,0.625
65,...0w?|.w.ww?|.1B.w?|...Aw?|wwwww?|??????|,39,up,...0w?|.w.ww?|.1.Bw?|...Aw?|wwwww?|??????|,37,2.0,1.0,0.625
66,...0w?|.w.ww?|.1.Bw?|...Aw?|wwwww?|??????|,37,nil,...0w?|.w.ww?|.1B.w?|...Aw?|wwwww?|??????|,39,4.0,1.0,0.625
67,...0w?|.w.ww?|.1B.w?|...Aw?|wwwww?|??????|,39,up,wwwww?|...0w?|.wBww?|.1.Aw?|....w?|wwwww?|,40,2.0,1.0,0.7045970869120796
68,wwwww?|...0w?|.wBww?|.1.Aw?|....w?|wwwww?|,40,right,wwwww?|...0w?|.w.ww?|.1BAw?|....w?|wwwww?|,41,1.0,1.0,0.625
69,wwwww?|...0w?|.w.ww?|.1BAw?|....w?|wwwww?|,41,down,...0w?|.w.ww?|1B..w?|...Aw?|wwwww?|??????|,42,1.0,1.0,0.5625
70,...0w?|.w.ww?|1B..w?|...Aw?|wwwww?|??????|,42,right,...0w?|.w.ww?|1B..w?|...Aw?|wwwww?|??????|,42,1.0,1.0,0.625
71,...0w?|.w.ww?|1B..w?|...Aw?|wwwww?|??????|,42,down,...0w?|.w.ww?|1B..w?|...Aw?|wwwww?|??????|,42,2.0,1.0,0.625
72,...0w?|.w.ww?|1B..w?|...Aw?|wwwww?|??????|,42,down,...0w?|.w.ww?|1.B.w?|...Aw?|wwwww?|??????|,43,2.0,1.0,0.625
73,...0w?|.w.ww?|1.B.w?|...Aw?|wwwww?|??????|,43,up,wwwww?|...0w?|.w.ww?|1.BAw?|....w?|wwwww?|,44,1.0,1.0,0.6998343811320384
74,wwwww?|...0w?|.w.ww?|1.BAw?|....w?|wwwww?|,44,left,wwwww?|...0w?|.w.ww?|1.BAw?|....w?|wwwww?|,44,1.0,1.0,0.625
75,wwwww?|...0w?|.w.ww?|1.BAw?|....w?|wwwww?|,44,nil,wwwww?|...0w?|.w.ww?|1.BAw?|....w?|wwwww?|,44,1.0,1.0,0.625
76,wwwww?|...0w?|.w.ww?|1.BAw?|....w?|wwwww?|,44,right,wwwww?|...0w?|.w.ww?|1.BAw?|....w?|wwwww?|,44,1.0,1.0,0.625
77,wwwww?|...0w?|.w.ww?|1.BAw?|....w?|wwwww?|,44,down,...0w?|.w.ww?|1.B.w?|...Aw?|wwwww?|??????|,43,1.0,1.0,0.6998343811320384
78,...0w?|.w.ww?|1.B.w?|...Aw?|wwwww?|??????|,43,down,...0w?|.w.ww?|1..Bw?|...Aw?|wwwww?|??????|,45,1.0,1.0,0.625
79,...0w?|.w.ww?|1..Bw?|...Aw?|wwwww?|??????|,45,up,...0w?|.w.ww?|1..Bw?|...Aw?|wwwww?|??????|,45,3.0,3.0,0.625
80,...0w?|.w.ww?|1..Bw?|...Aw?|wwwww?|??????|,45,right,...0w?|.w.ww?|1..Bw?|...Aw?|wwwww?|??????|,45,1.0,1.0,0.625
81,...0w?|.w.ww?|1..Bw?|...Aw?|wwwww?|??????|,45,nil,...0w?|.w.ww?|1..Bw?|...Aw?|wwwww?|??????|,45,2.0,2.0,0.625
82,...0w?|.w.ww?|1..Bw?|...Aw?|wwwww?|??????|,45,left,w...0w|w.w.ww|w1.B.w|w..A.w|wwwwww|??????|,46,1.0,1.0,0.6998343811320384
83,w...0w|w.w.ww|w1.B.w|w..A.w|wwwwww|??????|,46,up,wwwwww|w...0w|w.wBww|w1.A.w|w....w|wwwwww|,47,1.0,1.0,0.6998343811320384
84,wwwwww|w...0w|w.wBww|w1.A.w|w....w|wwwwww|,47,nil,wwwwww|w...0w|w.wBww|w1.A.w|w....w|wwwwww|,47,1.0,1.0,0.625
85,wwwwww|w...0w|w.wBww|w1.A.w|w....w|wwwwww|,47,down,w..B0w|w.w.ww|w1...w|w..A.w|wwwwww|??????|,48,1.0,1.0,0.6998343811320384
86,w..B0w|w.w.ww|w1...w|w..A.w|wwwwww|??????|,48,up,wwwwww|w...Zw|w.w.ww|w1.A.w|w....w|wwwwww|,49,1.0,1.0,0.6998343811320384
87,wwwwww|w...Zw|w.w.ww|w1.A.w|w....w|wwwwww|,49,right,wwwww?|...Zw?|.w.ww?|1..Aw?|....w?|wwwww?|,50,1.0,1.0,0.6998343811320384
88,wwwww?|...Zw?|.w.ww?|1..Aw?|....w?|wwwww?|,50,right,wwwww?|...Zw?|.w.ww?|1..Aw?|....w?|wwwww?|,50,2.0,1.0,0.625
89,wwwww?|...Zw?|.w.ww?|1..Aw?|....w?|wwwww?|,50,right,wwwww?|..B0w?|.w.ww?|1..Aw?|....w?|wwwww?|,51,2.0,1.0,0.625
90,wwwww?|..B0w?|.w.ww?|1..Aw?|....w?|wwwww?|,51,right,wwwww?|..B0w?|.w.ww?|1..Aw?|....w?|wwwww?|,51,2.0,2.0,0.625
91,wwwww?|..B0w?|.w.ww?|1..Aw?|....w?|wwwww?|,51,down,..B0w?|.w.ww?|1...w?|...Aw?|wwwww?|??????|,52,1.0,1.0,0.6998343811320384
92,..B0w?|.w.ww?|1...w?|...Aw?|wwwww?|??????|,52,up,wwwww?|..B0w?|.w.ww?|1..Aw?|....w?|wwwww?|,51,1.0,1.0,0.6998343811320384
93,??w...|??w.w.|??w.1.|??wA..|??wwww|??????|,1,up,??wwww|??w...|??w.w.|??wA1.|??w...|??wwww|,53,28.0,28.0,0.4365
94,??wwww|??w...|??w.w.|??wA1.|??w...|??wwww|,53,nil,??wwww|??w...|??w.w.|??wA1.|??w...|??wwww|,53,32.0,32.0,0.3125
95,??wwww|??w...|??w.w.|??wA1.|??w...|??wwww|,53,right,?wwwww|?w...0|?w.w.w|?w.A1.|?w..B.|?wwwww|,54,24.0,1.0,0.7104508497187474
96,?wwwww|?w...0|?w.w.w|?w.A1.|?w..B.|?wwwww|,54,nil,?wwwww|?w...0|?w.w1w|?w.AB.|?w....|?wwwww|,55,1.0,1.0,0.625
97,?wwwww|?w...0|?w.w1w|?w.AB.|?w....|?wwwww|,55,up,?wwwww|?w..10|?w.wBw|?w.A..|?w....|?wwwww|,56,1.0,1.0,0.625
98,?wwwww|?w..10|?w.wBw|?w.A..|?w....|?wwwww|,56,down,?w..10|?w.wBw|?w....|?w.A..|?wwwww|??????|,57,1.0,1.0,0.745
99,?w..10|?w.wBw|?w....|?w.A..|?wwwww|??????|,57,up,?wwwww|?w..10|?w.wBw|?w.A..|?w....|?wwwww|,56,1.0,1.0,0.745
100,?wwwww|?w..10|?w.wBw|?w.A..|?w....|?wwwww|,56,up,?wwwww|?w..10|?w.wBw|?w.A..|?w....|?wwwww|,56,2.0,2.0,0.625
101,?wwwww|?w..10|?w.wBw|?w.A..|?w....|?wwwww|,56,left,?wwwww|?w..10|?w.wBw|?w.A..|?w....|?wwwww|,56,1.0,1.0,0.625
102,?wwwww|?w..10|?w.wBw|?w.A..|?w....|?wwwww|,56,right,wwwwww|w..10w|w.wBww|w..A.w|w....w|wwwwww|,58,1.0,1.0,0.745
103,wwwwww|w..10w|w.wBww|w..A.w|w....w|wwwwww|,58,nil,wwwwww|w..10w|w.wBww|w..A.w|w....w|wwwwww|,58,2.0,2.0,0.625
104,wwwwww|w..10w|w.wBww|w..A.w|w....w|wwwwww|,58,down,wwwwww|w..10w|w.wBww|w..A.w|w....w|wwwwww|,58,2.0,1.0,0.625
105,wwwwww|w..10w|w.wBww|w..A.w|w....w|wwwwww|,58,up,wwwwww|w..10w|w.wBww|w..A.w|w....w|wwwwww|,58,1.0,1.0,0.625
106,wwwwww|w..10w|w.wBww|w..A.w|w....w|wwwwww|,58,down,w..10w|w.wBww|w....w|w..A.w|wwwwww|??????|,59,2.0,1.0,0.745
107,w..10w|w.wBww|w....w|w..A.w|wwwwww|??????|,59,left,?w..10|?w.wBw|?w....|?w.A..|?wwwww|??????|,57,1.0,1.0,0.745
108,?w..10|?w.wBw|?w....|?w.A..|?wwwww|??????|,57,right,?w..10|?w.wBw|?w....|?w.A..|?wwwww|??????|,57,2.0,2.0,0.625
109,?w..10|?w.wBw|?w....|?w.A..|?wwwww|??????|,57,nil,?w..10|?w.wBw|?w....|?w.A..|?wwwww|??????|,57,5.0,5.0,0.625
110,?w..10|?w.wBw|?w....|?w.A..|?wwwww|??????|,57,left,?w..10|?w.wBw|?w....|?w.A..|?wwwww|??????|,57,2.0,1.0,0.625
111,?w..10|?w.wBw|?w....|?w.A..|?wwwww|??????|,57,down,?w..10|?w.wBw|?w....|?w.A..|?wwwww|??????|,57,1.0,1.0,0.625
112,?w..10|?w.wBw|?w....|?w.A..|?wwwww|??????|,57,left,??w..1|??w.wB|??w...|??wA..|??wwww|??????|,60,2.0,1.0,0.1865
113,??w..1|??w.wB|??w...|??wA..|??wwww|??????|,60,left,??w..1|??w.wB|??w...|??wA..|??wwww|??????|,60,1.0,1.0,0.3125
114,??w..1|??w.wB|??w...|??wA..|??wwww|??????|,60,nil,??w..1|??w.wB|??w...|??wA..|??wwww|??????|,60,2.0,2.0,0.3125
115,??w..1|??w.wB|??w...|??wA..|??wwww|??????|,60,down,??w..1|??w.wB|??w...|??wA..|??wwww|??????|,60,1.0,1.0,0.3125
116,??w..1|??w.wB|??w...|??wA..|??wwww|??????|,60,up,??wwww|??w..1|??w.wB|??wA..|??w...|??wwww|,61,1.0,1.0,0.4365
117,??wwww|??w..1|??w.wB|??wA..|??w...|??wwww|,61,down,??w..1|??w.w.|??w..B|??wA..|??wwww|??????|,62,1.0,1.0,0.4365
118,??w..1|??w.w.|??w..B|??wA..|??wwww|??????|,62,up,??wwww|??w..1|??w.w.|??wA.B|??w...|??wwww|,63,1.0,1.0,0.4365
119,??wwww|??w..1|??w.w.|??wA.B|??w...|??wwww|,63,left,??wwww|??w..1|??w.wB|??wA..|??w...|??wwww|,61,1.0,1.0,0.3125
120,??wwww|??w..1|??w.wB|??wA..|??w...|??wwww|,61,left,??wwww|??w..1|??w.wB|??wA..|??w...|??wwww|,61,2.0,2.0,0.3125
121,??wwww|??w..1|??w.wB|??wA..|??w...|??wwww|,61,nil,??wwww|??w..1|??w.wB|??wA..|??w...|??wwww|,61,1.0,1.0,0.3125
122,??wwww|??w..1|??w.wB|??wA..|??w...|??wwww|,61,up,??????|??wwww|??w..1|??wAwB|??w...|??w...|,64,1.0,1.0,0.4365
123,??????|??wwww|??w..1|??wAwB|??w...|??w...|,64,up,??????|??????|??wwww|??wA.1|??w.wB|??w...|,65,1.0,1.0,0.4365
124,??????|??????|??wwww|??wA.1|??w.wB|??w...|,65,nil,??????|??????|??wwww|??wA.1|??w.wB|??w...|,65,1.0,1.0,0.3125
125,??????|??????|??wwww|??wA.1|??w.wB|??w...|,65,up,??????|??????|??wwww|??wA.1|??w.w.|??w..B|,66,1.0,1.0,0.3125
126,??????|??????|??wwww|??wA.1|??w.w.|??w..B|,66,right,??????|??????|?wwwww|?w.A10|?w.wBw|?w....|,67,1.0,1.0,0.745
127,??????|??????|?wwwww|?w.A10|?w.wBw|?w....|,67,nil,??????|??????|?wwwww|?w.A10|?w.w.w|?w..B.|,68,1.0,1.0,0.625
128,??wwww|??w...|??w.w.|??wA1.|??w...|??wwww|,53,right,?wwwww|?w...0|?w.w.w|?w.A1B|?w....|?wwwww|,69,24.0,23.0,0.7104508497187474
129,?wwwww|?w...0|?w.w.w|?w.A1B|?w....|?wwwww|,69,left,??wwww|??w...|??w.w.|??wA.1|??w...|??wwww|,70,4.0,4.0,0.1865
130,??wwww|??w...|??w.w.|??wA.1|??w...|??wwww|,70,right,?wwwww|?w...0|?w.w.w|?w.A1B|?w....|?wwwww|,69,5.0,5.0,0.7104508497187474
131,??wwww|??w...|??w.w.|??wA.1|??w...|??wwww|,70,up,??????|??wwww|??w...|??wAw.|??w..1|??w...|,71,4.0,4.0,0.4365
132,??????|??wwww|??w...|??wAw.|??w..1|??w...|,71,right,??????|??wwww|??w...|??wAw.|??w..1|??w...|,71,2.0,2.0,0.3125
133,??????|??wwww|??w...|??wAw.|??w..1|??w...|,71,down,??wwww|??w...|??w.w.|??wA.1|??w...|??wwww|,70,4.0,4.0,0.4365
134,??wwww|??w...|??w.w.|??wA.1|??w...|??wwww|,70,left,??wwww|??w...|??w.w.|??wA.1|??w...|??wwww|,70,3.0,3.0,0.3125
135,?wwwww|?w...0|?w.w.w|?w.A1B|?w....|?wwwww|,69,nil,?wwwww|?w...0|?w.w.w|?w.A1B|?w....|?wwwww|,69,16.0,16.0,0.625
136,?wwwww|?w...0|?w.w.w|?w.A1B|?w....|?wwwww|,69,right,wwwwww|w...0w|w.w.ww|w..A1w|w....w|wwwwww|,72,4.0,4.0,0.71375
137,wwwwww|w...0w|w.w.ww|w..A1w|w....w|wwwwww|,72,nil,wwwwww|w...0w|w.w.ww|w..A1w|w....w|wwwwww|,72,8.0,8.0,0.625
138,wwwwww|w...0w|w.w.ww|w..A1w|w....w|wwwwww|,72,left,?wwwww|?w...0|?w.w.w|?w.A.1|?w....|?wwwww|,73,8.0,8.0,0.71375
139,?wwwww|?w...0|?w.w.w|?w.A.1|?w....|?wwwww|,73,nil,?wwwww|?w...0|?w.w.w|?w.A.1|?w....|?wwwww|,73,5.0,5.0,0.625
140,?wwwww|?w...0|?w.w.w|?w.A.1|?w....|?wwwww|,73,right,wwwwww|w...0w|w.w.ww|w..A1w|w....w|wwwwww|,72,7.0,7.0,0.71375
141,wwwwww|w...0w|w.w.ww|w..A1w|w....w|wwwwww|,72,down,w...0w|w.w.ww|w...1w|w..A.w|wwwwww|??????|,74,4.0,4.0,0.71375
142,w...0w|w.w.ww|w...1w|w..A.w|wwwwww|??????|,74,nil,w...0w|w.w.ww|w...1w|w..A.w|wwwwww|??????|,74,5.0,5.0,0.625
143,w...0w|w.w.ww|w...1w|w..A.w|wwwwww|??????|,74,down,w...0w|w.w.ww|w...1w|w..A.w|wwwwww|??????|,74,5.0,5.0,0.625
144,w...0w|w.w.ww|w...1w|w..A.w|wwwwww|??????|,74,left,?w...0|?w.w.w|?w...1|?w.A..|?wwwww|??????|,75,2.0,2.0,0.71375
145,?w...0|?w.w.w|?w...1|?w.A..|?wwwww|??????|,75,left,??w...|??w.w.|??w...|??wA..|??wwww|??????|,76,1.0,1.0,0.01
146,??w...|??w.w.|??w...|??wA..|??wwww|??????|,76,nil,??w...|??w.w.|??w...|??wA..|??wwww|??????|,76,2.0,2.0,0.0625
147,??w...|??w.w.|??w...|??wA..|??wwww|??????|,76,down,??w...|??w.w.|??w...|??wA..|??wwww|??????|,76,1.0,1.0,0.0625
148,??w...|??w.w.|??w...|??wA..|??wwww|??????|,76,up,??wwww|??w...|??w.w.|??wA..|??w...|??wwww|,77,2.0,2.0,0.125
149,??wwww|??w...|??w.w.|??wA..|??w...|??wwww|,77,nil,??wwww|??w...|??w.w.|??wA..|??w...|??wwww|,77,5.0,5.0,0.0625
150,??wwww|??w...|??w.w.|??wA..|??w...|??wwww|,77,left,??wwww|??w...|??w.w.|??wA..|??w...|??wwww|,77,6.0,6.0,0.0625
151,??wwww|??w...|??w.w.|??wA..|??w...|??wwww|,77,up,??????|??wwww|??w...|??wAw.|??w...|??w...|,78,4.0,4.0,0.125
152,??????|??wwww|??w...|??wAw.|??w...|??w...|,78,nil,??????|??wwww|??w...|??wAw.|??w...|??w...|,78,2.0,2.0,0.0625
153,??????|??wwww|??w...|??wAw.|??w...|??w...|,78,down,??wwww|??w...|??w.w.|??wA..|??w...|??wwww|,77,4.0,4.0,0.125
154,??????|??wwww|??w...|??wAw.|??w...|??w...|,78,left,??????|??wwww|??w...|??wAw.|??w...|??w...|,78,4.0,4.0,0.0625
155,??????|??wwww|??w...|??wAw.|??w...|??w...|,78,right,??????|??wwww|??w...|??wAw.|??w...|??w...|,78,2.0,2.0,0.0625
156,??????|??wwww|??w...|??wAw.|??w...|??w...|,78,up,??????|??????|??wwww|??wA..|??w.w.|??w...|,79,2.0,2.0,0.125
157,??????|??????|??wwww|??wA..|??w.w.|??w...|,79,up,??????|??????|??wwww|??wA..|??w.w.|??w...|,79,1.0,1.0,0.0625
158,??????|??????|??wwww|??wA..|??w.w.|??w...|,79,right,??????|??????|?wwwww|?w.A.0|?w.w.w|?w...1|,80,2.0,2.0,0.71375
159,??????|??????|?wwwww|?w.A.0|?w.w.w|?w...1|,80,up,??????|??????|?wwwww|?w.A.0|?w.w.w|?w...1|,80,6.0,6.0,0.625
160,??????|??????|?wwwww|?w.A.0|?w.w.w|?w...1|,80,nil,??????|??????|?wwwww|?w.A.0|?w.w.w|?w...1|,80,3.0,3.0,0.625
161,??????|??????|?wwwww|?w.A.0|?w.w.w|?w...1|,80,down,??????|??????|?wwwww|?w.A.0|?w.w.w|?w...1|,80,3.0,3.0,0.625
162,??????|??????|?wwwww|?w.A.0|?w.w.w|?w...1|,80,right,??????|??????|wwwwww|w..A0w|w.w.ww|w...1w|,81,3.0,3.0,0.71375
163,??????|??????|wwwwww|w..A0w|w.w.ww|w...1w|,81,up,??????|??????|wwwwww|w..A0w|w.w.ww|w...1w|,81,2.0,2.0,0.625
164,??????|??????|wwwwww|w..A0w|w.w.ww|w...1w|,81,right,??????|??????|wwwww?|...Yw?|.w.ww?|...1w?|,82,3.0,3.0,0.71375
165,??????|??????|wwwww?|...Yw?|.w.ww?|...1w?|,82,right,??????|??????|wwwww?|...Yw?|.w.ww?|...1w?|,82,2.0,2.0,0.625
166,??????|??????|wwwww?|...Yw?|.w.ww?|...1w?|,82,left,??????|??????|wwwwww|w..A0w|w.w.ww|w...1w|,81,2.0,2.0,0.71375
167,??????|??????|wwwwww|w..A0w|w.w.ww|w...1w|,81,left,??????|??????|?wwwww|?w.A.0|?w.w.w|?w...1|,80,4.0,4.0,0.71375
168,??????|??????|?wwwww|?w.A.0|?w.w.w|?w...1|,80,left,??????|??????|??wwww|??wA..|??w.w.|??w...|,79,3.0,3.0,0.01
169,??????|??wwww|??w...|??wAw.|??w..1|??w...|,71,up,??????|??????|??wwww|??wA..|??w.w.|??w..1|,83,1.0,1.0,0.4365
170,??????|??????|??wwww|??wA..|??w.w.|??w..1|,83,nil,??????|??????|??wwww|??wA..|??w.w.|??w..1|,83,1.0,1.0,0.3125
171,??????|??????|??wwww|??wA..|??w.w.|??w..1|,83,down,??????|??wwww|??w...|??wAw.|??w..1|??w...|,71,1.0,1.0,0.4365
172,??????|??wwww|??w...|??wAw.|??w..1|??w...|,71,left,??????|??wwww|??w...|??wAw.|??w..1|??w...|,71,1.0,1.0,0.3125
173,??wwww|??w...|??w.w.|??wA.1|??w...|??wwww|,70,nil,??wwww|??w...|??w.w.|??wA.1|??w...|??wwww|,70,7.0,7.0,0.3125
174,wwwwww|w...0w|w.w.ww|w..A1w|w....w|wwwwww|,72,right,wwwwww|w...0w|w.w.ww|w..A1w|w....w|wwwwww|,72,4.0,4.0,0.625
175,wwwwww|w...0w|w.w.ww|w..A1w|w....w|wwwwww|,72,up,??????|wwwwww|w...0w|w.wAww|w...1w|w....w|,84,5.0,5.0,0.71375
176,??????|wwwwww|w...0w|w.wAww|w...1w|w....w|,84,left,??????|wwwwww|w...0w|w.wAww|w...1w|w....w|,84,1.0,1.0,0.625
177,??????|wwwwww|w...0w|w.wAww|w...1w|w....w|,84,right,??????|wwwwww|w...0w|w.wAww|w...1w|w....w|,84,1.0,1.0,0.625
178,??????|wwwwww|w...0w|w.wAww|w...1w|w....w|,84,down,wwwwww|w...0w|w.w.ww|w..A1w|w....w|wwwwww|,72,3.0,3.0,0.71375
179,w...0w|w.w.ww|w...1w|w..A.w|wwwwww|??????|,74,right,...0w?|.w.ww?|...1w?|...Aw?|wwwww?|??????|,85,4.0,4.0,0.71375
180,...0w?|.w.ww?|...1w?|...Aw?|wwwww?|??????|,85,up,...0w?|.w.ww?|...1w?|...Aw?|wwwww?|??????|,85,6.0,6.0,0.625
181,...0w?|.w.ww?|...1w?|...Aw?|wwwww?|??????|,85,right,...0w?|.w.ww?|...1w?|...Aw?|wwwww?|??????|,85,5.0,5.0,0.625
182,...0w?|.w.ww?|...1w?|...Aw?|wwwww?|??????|,85,down,...0w?|.w.ww?|...1w?|...Aw?|wwwww?|??????|,85,6.0,6.0,0.625
183,...0w?|.w.ww?|...1w?|...Aw?|wwwww?|??????|,85,nil,...0w?|.w.ww?|...1w?|...Aw?|wwwww?|??????|,85,4.0,4.0,0.625
184,...0w?|.w.ww?|...1w?|...Aw?|wwwww?|??????|,85,left,w...0w|w.w.ww|w...1w|w..A.w|wwwwww|??????|,74,4.0,4.0,0.71375
185,w...0w|w.w.ww|w...1w|w..A.w|wwwwww|??????|,74,up,wwwwww|w...0w|w.w.ww|w..A1w|w....w|wwwwww|,72,3.0,3.0,0.71375
186,??????|wwwwww|w...0w|w.wAww|w...1w|w....w|,84,up,??????|??????|wwwwww|w..A0w|w.w.ww|w...1w|,81,2.0,2.0,0.71375
187,??????|??????|wwwww?|...Yw?|.w.ww?|...1w?|,82,down,??????|??????|wwwww?|...Yw?|.w.ww?|...1w?|,82,2.0,2.0,0.625
188,??????|??????|??wwww|??wA..|??w.w.|??w...|,79,down,??????|??wwww|??w...|??wAw.|??w...|??w...|,78,2.0,2.0,0.125
189,??????|??????|??wwww|??wA..|??w.w.|??w...|,79,left,??????|??????|??wwww|??wA..|??w.w.|??w...|,79,1.0,1.0,0.0625
190,??????|??????|wwwww?|...Yw?|.w.ww?|...1w?|,82,nil,??????|??????|wwwww?|...Yw?|.w.ww?|...1w?|,82,1.0,1.0,0.625
191,??wwww|??w...|??w.w.|??wA..|??w...|??wwww|,77,down,??w...|??w.w.|??w...|??wA..|??wwww|??????|,76,1.0,1.0,0.125
192,??w...|??w.w.|??w.1.|??wA..|??wwww|??????|,1,right,?w...0|?w.w.w|?w.1.B|?w.A..|?wwwww|??????|,3,7.0,7.0,0.7045970869120796
193,?w...0|?w.w.w|?w.1.B|?w.A..|?wwwww|??????|,3,down,?w...0|?w.w.w|?w.1.B|?w.A..|?wwwww|??????|,3,4.0,3.0,0.625
194,?w...0|?w.w.w|?w.1.B|?w.A..|?wwwww|??????|,3,up,?w...0|?w.w.w|?w.1.B|?w.A..|?wwwww|??????|,3,2.0,2.0,0.625
195,?w...0|?w.w.w|?w.1.B|?w.A..|?wwwww|??????|,3,right,w...0w|w.w.ww|w.1.Bw|w..A.w|wwwwww|??????|,36,5.0,4.0,0.7045970869120796
196,w...0w|w.w.ww|w.1.Bw|w..A.w|wwwwww|??????|,36,up,wwwwww|w...0w|w.w.ww|w.1ABw|w....w|wwwwww|,86,1.0,1.0,0.7045970869120796
197,wwwwww|w...0w|w.w.ww|w.1ABw|w....w|wwwwww|,86,down,w...0w|w.w.ww|w.1.Bw|w..A.w|wwwwww|??????|,36,1.0,1.0,0.7045970869120796
198,w...0w|w.w.ww|w.1.Bw|w..A.w|wwwwww|??????|,36,left,?w...0|?w.w.w|?w.1.B|?w.A..|?wwwww|??????|,3,4.0,4.0,0.7045970869120796
199,?w...0|?w.w.w|?w.1.B|?w.A..|?wwwww|??????|,3,nil,?w...0|?w.w.w|?w.1.B|?w.A..|?wwwww|??????|,3,19.0,19.0,0.625
200,?w...0|?w.w.w|?w.1.B|?w.A..|?wwwww|??????|,3,left,??w...|??w.w.|??w.1.|??wA..|??wwww|??????|,1,7.0,7.0,0.1865
201,??wwww|??w...|??w.w.|??wA.1|??w...|??wwww|,70,down,??w...|??w.w.|??w..1|??wA..|??wwww|??????|,87,1.0,1.0,0.4365
202,??w...|??w.w.|??w..1|??wA..|??wwww|??????|,87,down,??w...|??w.w.|??w..1|??wA..|??wwww|??????|,87,3.0,3.0,0.3125
203,??w...|??w.w.|??w..1|??wA..|??wwww|??????|,87,nil,??w...|??w.w.|??w..1|??wA..|??wwww|??????|,87,9.0,9.0,0.3125
204,??w...|??w.w.|??w..1|??wA..|??wwww|??????|,87,right,?w...0|?w.w.w|?w..1B|?w.A..|?wwwww|??????|,88,2.0,2.0,0.7104508497187474
205,?w...0|?w.w.w|?w..1B|?w.A..|?wwwww|??????|,88,nil,?w...0|?w.w.w|?w..1B|?w.A..|?wwwww|??????|,88,20.0,20.0,0.625
206,?w...0|?w.w.w|?w..1B|?w.A..|?wwwww|??????|,88,right,w...0w|w.w.ww|w..1Bw|w..A.w|wwwwww|??????|,89,22.0,22.0,0.7104508497187474
207,w...0w|w.w.ww|w..1Bw|w..A.w|wwwwww|??????|,89,right,...0w?|.w.ww?|..1Bw?|...Aw?|wwwww?|??????|,90,4.0,4.0,0.7104508497187474
208,...0w?|.w.ww?|..1Bw?|...Aw?|wwwww?|??????|,90,right,...0w?|.w.ww?|..1Bw?|...Aw?|wwwww?|??????|,90,7.0,7.0,0.625
209,...0w?|.w.ww?|..1Bw?|...Aw?|wwwww?|??????|,90,nil,...0w?|.w.ww?|..1Bw?|...Aw?|wwwww?|??????|,90,8.0,8.0,0.625
210,...0w?|.w.ww?|..1Bw?|...Aw?|wwwww?|??????|,90,up,...0w?|.w.ww?|..1Bw?|...Aw?|wwwww?|??????|,90,1.0,1.0,0.625
211,...0w?|.w.ww?|..1Bw?|...Aw?|wwwww?|??????|,90,left,w...0w|w.w.ww|w..1Bw|w..A.w|wwwwww|??????|,89,4.0,4.0,0.7104508497187474
212,w...0w|w.w.ww|w..1Bw|w..A.w|wwwwww|??????|,89,down,w...0w|w.w.ww|w..1Bw|w..A.w|wwwwww|??????|,89,2.0,2.0,0.625
213,w...0w|w.w.ww|w..1Bw|w..A.w|wwwwww|??????|,89,left,?w...0|?w.w.w|?w..1B|?w.A..|?wwwww|??????|,88,3.0,3.0,0.7104508497187474
214,?w...0|?w.w.w|?w..1B|?w.A..|?wwwww|??????|,88,down,?w...0|?w.w.w|?w..1B|?w.A..|?wwwww|??????|,88,9.0,9.0,0.625
215,?w...0|?w.w.w|?w..1B|?w.A..|?wwwww|??????|,88,left,??w...|??w.w.|??w..1|??wA..|??wwww|??????|,87,3.0,3.0,0.1865
216,??w...|??w.w.|??w..1|??wA..|??wwww|??????|,87,up,??wwww|??w...|??w.w.|??wA.1|??w...|??wwww|,70,2.0,2.0,0.4365
217,?wwwww|?w...0|?w.w.w|?w.A.1|?w....|?wwwww|,73,up,?wwwww|?w...0|?w.w.w|?w.A.1|?w....|?wwwww|,73,4.0,4.0,0.625
218,?wwwww|?w...0|?w.w.w|?w.A.1|?w....|?wwwww|,73,left,??wwww|??w...|??w.w.|??wA..|??w...|??wwww|,77,1.0,1.0,0.01
219,??wwww|??w...|??w.w.|??wA..|??w...|??wwww|,77,right,?wwwww|?w...0|?w.w.w|?w.A.1|?w....|?wwwww|,73,1.0,1.0,0.71375
220,?wwwww|?w...0|?w.w.w|?w.A.1|?w....|?wwwww|,73,down,?w...0|?w.w.w|?w...1|?w.A..|?wwwww|??????|,75,1.0,1.0,0.71375
221,?w...0|?w.w.w|?w...1|?w.A..|?wwwww|??????|,75,nil,?w...0|?w.w.w|?w...1|?w.A..|?wwwww|??????|,75,1.0,1.0,0.625
222,?w...0|?w.w.w|?w...1|?w.A..|?wwwww|??????|,75,right,w...0w|w.w.ww|w...1w|w..A.w|wwwwww|??????|,74,2.0,2.0,0.71375
223,?w...0|?w.w.w|?w...1|?w.A..|?wwwww|??????|,75,down,?w...0|?w.w.w|?w...1|?w.A..|?wwwww|??????|,75,1.0,1.0,0.625
224,??w...|??w.w.|??w.1.|??wA..|??wwww|??????|,1,down,??w...|??w.w.|??w.1.|??wA..|??wwww|??????|,1,3.0,3.0,0.3125
225,?wwwww|?w...0|?w.w.w|?w.A1B|?w....|?wwwww|,69,down,?w...0|?w.w.w|?w..1B|?w.A..|?wwwww|??????|,88,22.0,22.0,0.7104508497187474
226,?w...0|?w.w.w|?w..1B|?w.A..|?wwwww|??????|,88,up,?wwwww|?w...0|?w.w.w|?w.A1B|?w....|?wwwww|,69,2.0,2.0,0.7104508497187474
227,?wwwww|?w...0|?w.w.w|?w.A1B|?w....|?wwwww|,69,up,?wwwww|?w...0|?w.w.w|?w.A1B|?w....|?wwwww|,69,3.0,3.0,0.625
228,...0w?|.w.ww?|..1Bw?|...Aw?|wwwww?|??????|,90,down,...0w?|.w.ww?|..1Bw?|...Aw?|wwwww?|??????|,90,4.0,4.0,0.625
229,w...0w|w.w.ww|w..1Bw|w..A.w|wwwwww|??????|,89,up,wwwwww|w...0w|w.w1ww|w..ABw|w....w|wwwwww|,91,19.0,19.0,0.7266941738241592
230,wwwwww|w...0w|w.w1ww|w..ABw|w....w|wwwwww|,91,right,wwwwww|w...0w|w.w1ww|w..ABw|w....w|wwwwww|,91,3.0,3.0,0.625
231,wwwwww|w...0w|w.w1ww|w..ABw|w....w|wwwwww|,91,left,?wwwww|?w...0|?w.w1w|?w.A.B|?w....|?wwwww|,92,1.0,1.0,0.7266941738241592
232,?wwwww|?w...0|?w.w1w|?w.A.B|?w....|?wwwww|,92,nil,?wwwww|?w...0|?w.w1w|?w.A.B|?w....|?wwwww|,92,1.0,1.0,0.625
233,?wwwww|?w...0|?w.w1w|?w.A.B|?w....|?wwwww|,92,up,?wwwww|?w...0|?w.w1w|?w.A.B|?w....|?wwwww|,92,2.0,2.0,0.625
234,?wwwww|?w...0|?w.w1w|?w.A.B|?w....|?wwwww|,92,right,wwwwww|w...0w|w.w1ww|w..ABw|w....w|wwwwww|,91,2.0,2.0,0.7266941738241592
235,wwwwww|w...0w|w.w1ww|w..ABw|w....w|wwwwww|,91,nil,wwwwww|w...0w|w.w1ww|w..ABw|w....w|wwwwww|,91,2.0,2.0,0.625
236,wwwwww|w...0w|w.w1ww|w..ABw|w....w|wwwwww|,91,down,w...0w|w.w1ww|w...Bw|w..A.w|wwwwww|??????|,93,2.0,2.0,0.7266941738241592
237,w...0w|w.w1ww|w...Bw|w..A.w|wwwwww|??????|,93,left,?w...0|?w.w1w|?w...B|?w.A..|?wwwww|??????|,94,1.0,1.0,0.7266941738241592
238,?w...0|?w.w1w|?w...B|?w.A..|?wwwww|??????|,94,up,?wwwww|?w...0|?w.w1w|?w.A.B|?w....|?wwwww|,92,1.0,1.0,0.7266941738241592
239,?wwwww|?w...0|?w.w1w|?w.A.B|?w....|?wwwww|,92,left,??wwww|??w...|??w.w1|??wA..|??w...|??wwww|,95,1.0,1.0,0.1865
240,??wwww|??w...|??w.w1|??wA..|??w...|??wwww|,95,down,??w...|??w.w1|??w...|??wA..|??wwww|??????|,96,2.0,2.0,0.4365
241,??w...|??w.w1|??w...|??wA..|??wwww|??????|,96,left,??w...|??w.w1|??w...|??wA..|??wwww|??????|,96,1.0,1.0,0.3125
242,??w...|??w.w1|??w...|??wA..|??wwww|??????|,96,up,??wwww|??w...|??w.w1|??wA..|??w...|??wwww|,95,2.0,2.0,0.4365
243,??wwww|??w...|??w.w1|??wA..|??w...|??wwww|,95,left,??wwww|??w...|??w.w1|??wA..|??w...|??wwww|,95,2.0,2.0,0.3125
244,??wwww|??w...|??w.w1|??wA..|??w...|??wwww|,95,nil,??wwww|??w...|??w.w1|??wA..|??w...|??wwww|,95,2.0,2.0,0.3125
245,??wwww|??w...|??w.w1|??wA..|??w...|??wwww|,95,right,?wwwww|?w...0|?w.w1w|?w.A.B|?w....|?wwwww|,92,1.0,1.0,0.7266941738241592
246,w...0w|w.w1ww|w...Bw|w..A.w|wwwwww|??????|,93,nil,w...0w|w.w1ww|w...Bw|w..A.w|wwwwww|??????|,93,1.0,1.0,0.625
247,w...0w|w.w1ww|w...Bw|w..A.w|wwwwww|??????|,93,up,wwwwww|w...0w|w.w1ww|w..ABw|w....w|wwwwww|,91,1.0,1.0,0.7266941738241592
248,wwwwww|w...0w|w.w1ww|w..ABw|w....w|wwwwww|,91,up,??????|wwwwww|w..10w|w.wAww|w...Bw|w....w|,97,19.0,19.0,0.745
249,??????|wwwwww|w..10w|w.wAww|w...Bw|w....w|,97,nil,??????|wwwwww|w..10w|w.wAww|w...Bw|w....w|,97,45.0,45.0,0.625
250,??????|wwwwww|w..10w|w.wAww|w...Bw|w....w|,97,left,??????|wwwwww|w..10w|w.wAww|w...Bw|w....w|,97,47.0,47.0,0.625
251,??????|wwwwww|w..10w|w.wAww|w...Bw|w....w|,97,up,??????|wwwwww|w..10w|w.wAww|w...Bw|w....w|,97,35.0,35.0,0.625
252,??????|wwwwww|w..10w|w.wAww|w...Bw|w....w|,97,right,??????|wwwwww|w..10w|w.wAww|w...Bw|w....w|,97,40.0,40.0,0.625
253,??????|wwwwww|w..10w|w.wAww|w...Bw|w....w|,97,down,wwwwww|w..10w|w.w.ww|w..ABw|w....w|wwwwww|,98,49.0,49.0,0.745
254,wwwwww|w..10w|w.w.ww|w..ABw|w....w|wwwwww|,98,right,wwwwww|w..10w|w.w.ww|w..ABw|w....w|wwwwww|,98,22.0,22.0,0.625
255,wwwwww|w..10w|w.w.ww|w..ABw|w....w|wwwwww|,98,left,?wwwww|?w..10|?w.w.w|?w.A.B|?w....|?wwwww|,99,32.0,32.0,0.745
256,?wwwww|?w..10|?w.w.w|?w.A.B|?w....|?wwwww|,99,right,wwwwww|w..10w|w.w.ww|w..ABw|w....w|wwwwww|,98,30.0,30.0,0.745
257,?wwwww|?w..10|?w.w.w|?w.A.B|?w....|?wwwww|,99,down,?w..10|?w.w.w|?w...B|?w.A..|?wwwww|??????|,100,32.0,32.0,0.745
258,?w..10|?w.w.w|?w...B|?w.A..|?wwwww|??????|,100,down,?w..10|?w.w.w|?w...B|?w.A..|?wwwww|??????|,100,26.0,26.0,0.625
259,?w..10|?w.w.w|?w...B|?w.A..|?wwwww|??????|,100,right,w..10w|w.w.ww|w...Bw|w..A.w|wwwwww|??????|,101,21.0,21.0,0.745
260,w..10w|w.w.ww|w...Bw|w..A.w|wwwwww|??????|,101,left,?w..10|?w.w.w|?w...B|?w.A..|?wwwww|??????|,100,38.0,38.0,0.745
261,?w..10|?w.w.w|?w...B|?w.A..|?wwwww|??????|,100,nil,?w..10|?w.w.w|?w...B|?w.A..|?wwwww|??????|,100,23.0,23.0,0.625
262,?w..10|?w.w.w|?w...B|?w.A..|?wwwww|??????|,100,left,??w..1|??w.w.|??w...|??wA..|??wwww|??????|,102,51.0,51.0,0.1865
263,??w..1|??w.w.|??w...|??wA..|??wwww|??????|,102,nil,??w..1|??w.w.|??w...|??wA..|??wwww|??????|,102,46.0,46.0,0.3125
264,??w..1|??w.w.|??w...|??wA..|??wwww|??????|,102,up,??wwww|??w..1|??w.w.|??wA..|??w...|??wwww|,103,44.0,44.0,0.4365
265,??wwww|??w..1|??w.w.|??wA..|??w...|??wwww|,103,left,??wwww|??w..1|??w.w.|??wA..|??w...|??wwww|,103,28.0,28.0,0.3125
266,??wwww|??w..1|??w.w.|??wA..|??w...|??wwww|,103,down,??w..1|??w.w.|??w...|??wA..|??wwww|??????|,102,26.0,26.0,0.4365
267,??w..1|??w.w.|??w...|??wA..|??wwww|??????|,102,left,??w..1|??w.w.|??w...|??wA..|??wwww|??????|,102,30.0,30.0,0.3125
268,??w..1|??w.w.|??w...|??wA..|??wwww|??????|,102,down,??w..1|??w.w.|??w...|??wA..|??wwww|??????|,102,35.0,35.0,0.3125
269,??w..1|??w.w.|??w...|??wA..|??wwww|??????|,102,right,?w..10|?w.w.w|?w...B|?w.A..|?wwwww|??????|,100,33.0,33.0,0.745
270,?w..10|?w.w.w|?w...B|?w.A..|?wwwww|??????|,100,up,?wwwww|?w..10|?w.w.w|?w.A.B|?w....|?wwwww|,99,31.0,31.0,0.745
271,?wwwww|?w..10|?w.w.w|?w.A.B|?w....|?wwwww|,99,left,??wwww|??w..1|??w.w.|??wA..|??w...|??wwww|,103,23.0,23.0,0.1865
272,?wwwww|?w..10|?w.w.w|?w.A.B|?w....|?wwwww|,99,nil,?wwwww|?w..10|?w.w.w|?w.A.B|?w....|?wwwww|,99,29.0,29.0,0.625
273,w..10w|w.w.ww|w...Bw|w..A.w|wwwwww|??????|,101,up,wwwwww|w..10w|w.w.ww|w..ABw|w....w|wwwwww|,98,22.0,22.0,0.745
274,wwwwww|w..10w|w.w.ww|w..ABw|w....w|wwwwww|,98,up,??????|wwwwww|w..10w|w.wAww|w...Bw|w....w|,97,30.0,30.0,0.745
275,wwwwww|w..10w|w.w.ww|w..ABw|w....w|wwwwww|,98,down,w..10w|w.w.ww|w...Bw|w..A.w|wwwwww|??????|,101,39.0,39.0,0.745
276,w..10w|w.w.ww|w...Bw|w..A.w|wwwwww|??????|,101,down,w..10w|w.w.ww|w...Bw|w..A.w|wwwwww|??????|,101,28.0,28.0,0.625
277,w..10w|w.w.ww|w...Bw|w..A.w|wwwwww|??????|,101,nil,w..10w|w.w.ww|w...Bw|w..A.w|wwwwww|??????|,101,26.0,26.0,0.625
278,?wwwww|?w..10|?w.w.w|?w.A.B|?w....|?wwwww|,99,up,?wwwww|?w..10|?w.w.w|?w.A.B|?w....|?wwwww|,99,26.0,26.0,0.625
279,??wwww|??w..1|??w.w.|??wA..|??w...|??wwww|,103,nil,??wwww|??w..1|??w.w.|??wA..|??w...|??wwww|,103,30.0,30.0,0.3125
280,??wwww|??w..1|??w.w.|??wA..|??w...|??wwww|,103,up,??????|??wwww|??w..1|??wAw.|??w...|??w...|,104,39.0,39.0,0.4365
281,??????|??wwww|??w..1|??wAw.|??w...|??w...|,104,up,??????|??????|??wwww|??wA.1|??w.w.|??w...|,105,32.0,32.0,0.4365
282,??????|??????|??wwww|??wA.1|??w.w.|??w...|,105,down,??????|??wwww|??w..1|??wAw.|??w...|??w...|,104,13.0,13.0,0.4365
283,??????|??wwww|??w..1|??wAw.|??w...|??w...|,104,nil,??????|??wwww|??w..1|??wAw.|??w...|??w...|,104,15.0,15.0,0.3125
284,??????|??????|??wwww|??wA.1|??w.w.|??w...|,105,nil,??????|??????|??wwww|??wA.1|??w.w.|??w...|,105,10.0,10.0,0.3125
285,??????|??wwww|??w..1|??wAw.|??w...|??w...|,104,left,??????|??wwww|??w..1|??wAw.|??w...|??w...|,104,16.0,16.0,0.3125
286,??????|??wwww|??w..1|??wAw.|??w...|??w...|,104,down,??wwww|??w..1|??w.w.|??wA..|??w...|??wwww|,103,20.0,20.0,0.4365
287,??wwww|??w..1|??w.w.|??wA..|??w...|??wwww|,103,right,?wwwww|?w..10|?w.w.w|?w.A.B|?w....|?wwwww|,99,22.0,22.0,0.745
288,??????|??wwww|??w..1|??wAw.|??w...|??w...|,104,right,??????|??wwww|??w..1|??wAw.|??w...|??w...|,104,20.0,20.0,0.3125
289,wwwwww|w..10w|w.w.ww|w..ABw|w....w|wwwwww|,98,nil,wwwwww|w..10w|w.w.ww|w..ABw|w....w|wwwwww|,98,29.0,29.0,0.625
290,w..10w|w.w.ww|w...Bw|w..A.w|wwwwww|??????|,101,right,..10w?|.w.ww?|...Bw?|...Aw?|wwwww?|??????|,106,30.0,30.0,0.745
291,..10w?|.w.ww?|...Bw?|...Aw?|wwwww?|??????|,106,down,..10w?|.w.ww?|...Bw?|...Aw?|wwwww?|??????|,106,24.0,24.0,0.625
292,..10w?|.w.ww?|...Bw?|...Aw?|wwwww?|??????|,106,right,..10w?|.w.ww?|...Bw?|...Aw?|wwwww?|??????|,106,19.0,19.0,0.625
293,..10w?|.w.ww?|...Bw?|...Aw?|wwwww?|??????|,106,nil,..10w?|.w.ww?|...Bw?|...Aw?|wwwww?|??????|,106,25.0,25.0,0.625
294,..10w?|.w.ww?|...Bw?|...Aw?|wwwww?|??????|,106,left,w..10w|w.w.ww|w...Bw|w..A.w|wwwwww|??????|,101,30.0,30.0,0.745
295,..10w?|.w.ww?|...Bw?|...Aw?|wwwww?|??????|,106,up,..10w?|.w.ww?|...Bw?|...Aw?|wwwww?|??????|,106,22.0,22.0,0.625
296,??????|??????|??wwww|??wA.1|??w.w.|??w...|,105,right,??????|??????|?wwwww|?w.A10|?w.w.w|?w...B|,107,31.0,31.0,0.745
297,??????|??????|?wwwww|?w.A10|?w.w.w|?w...B|,107,nil,??????|??????|?wwwww|?w.A10|?w.w.w|?w...B|,107,16.0,16.0,0.625
298,??wwww|??w...|??w.w.|??wA1.|??w...|??wwww|,53,up,??????|??wwww|??w...|??wAw.|??w.1.|??w...|,108,6.0,6.0,0.4365
299,??????|??wwww|??w...|??wAw.|??w.1.|??w...|,108,nil,??????|??wwww|??w...|??wAw.|??w.1.|??w...|,108,10.0,10.0,0.3125
300,??????|??wwww|??w...|??wAw.|??w.1.|??w...|,108,down,??wwww|??w...|??w.w.|??wA1.|??w...|??wwww|,53,6.0,6.0,0.4365
301,??wwww|??w...|??w.w.|??wA1.|??w...|??wwww|,53,down,??w...|??w.w.|??w.1.|??wA..|??wwww|??????|,1,4.0,4.0,0.4365
302,??????|??????|?wwwww|?w.A10|?w.w.w|?w...B|,107,up,??????|??????|?wwwww|?w.A10|?w.w.w|?w...B|,107,14.0,14.0,0.625
303,??????|??????|?wwwww|?w.A10|?w.w.w|?w...B|,107,left,??????|??????|??wwww|??wA.1|??w.w.|??w...|,105,12.0,12.0,0.1865
304,??????|??????|??wwww|??wA.1|??w.w.|??w...|,105,up,??????|??????|??wwww|??wA.1|??w.w.|??w...|,105,10.0,10.0,0.3125
305,??????|??????|??wwww|??wA.1|??w.w.|??w...|,105,left,??????|??????|??wwww|??wA.1|??w.w.|??w...|,105,12.0,12.0,0.3125
306,??????|??????|?wwwww|?w.A10|?w.w.w|?w...B|,107,down,??????|??????|?wwwww|?w.A10|?w.w.w|?w...B|,107,26.0,26.0,0.625
307,??w...|??w.w.|??w..1|??wA..|??wwww|??????|,87,left,??w...|??w.w.|??w..1|??wA..|??wwww|??????|,87,1.0,1.0,0.3125
308,w...0w|w.w.ww|w.1.Bw|w..A.w|wwwwww|??????|,36,nil,w...0w|w.w.ww|w.1.Bw|w..A.w|wwwwww|??????|,36,1.0,1.0,0.625
309,...0w?|.w.ww?|.1.Bw?|...Aw?|wwwww?|??????|,37,left,w...0w|w.w.ww|w.1.Bw|w..A.w|wwwwww|??????|,36,1.0,1.0,0.7045970869120796
310,??????|??wwww|??w...|??wAw.|??w.1.|??w...|,108,right,??????|??wwww|??w...|??wAw.|??w.1.|??w...|,108,1.0,1.0,0.3125
311,??wwww|??w...|??w.w.|??wA1.|??w...|??wwww|,53,left,??wwww|??w...|??w.w.|??wA1.|??w...|??wwww|,53,4.0,4.0,0.3125
312,w...0w|w.w.ww|w..1Bw|w..A.w|wwwwww|??????|,89,nil,w...0w|w.w.ww|w..1Bw|w..A.w|wwwwww|??????|,89,38.0,38.0,0.625
